{"v":"5.5.7","meta":{"g":"LottieFiles AE 0.1.21","a":"","k":"","d":"","tc":""},"fr":60,"ip":0,"op":160,"w":800,"h":800,"nm":"Comp 3","ddd":0,"assets":[{"id":"comp_0","layers":[{"ddd":0,"ind":1,"ty":4,"nm":"boule","sr":1,"ks":{"o":{"a":0,"k":100,"ix":11},"r":{"a":0,"k":0,"ix":10},"p":{"s":true,"x":{"a":0,"k":400,"ix":3},"y":{"a":1,"k":[{"i":{"x":[0.524],"y":[1]},"o":{"x":[0.03],"y":[0.48]},"t":0,"s":[400]},{"i":{"x":[0.959],"y":[0.506]},"o":{"x":[0.476],"y":[0]},"t":20,"s":[200]},{"t":40,"s":[400]}],"ix":4}},"a":{"a":0,"k":[16.58,-69.42,0],"ix":1},"s":{"a":0,"k":[100,100,100],"ix":6}},"ao":0,"shapes":[{"ty":"gr","it":[{"ind":0,"ty":"sh","ix":1,"ks":{"a":0,"k":{"i":[[23.516,0],[0,-23.516],[-23.516,0],[0,23.516]],"o":[[-23.516,0],[0,23.516],[23.516,0],[0,-23.516]],"v":[[0,-42.58],[-42.58,0],[0,42.58],[42.58,0]],"c":true},"ix":2},"nm":"Path 1","mn":"ADBE Vector Shape - Group","hd":false},{"ty":"st","c":{"a":0,"k":[1,0,0,1],"ix":3},"o":{"a":0,"k":100,"ix":4},"w":{"a":0,"k":8,"ix":5},"lc":1,"lj":1,"ml":4,"bm":0,"nm":"Stroke 1","mn":"ADBE Vector Graphic - Stroke","hd":false},{"ty":"fl","c":{"a":0,"k":[1,0,0,1],"ix":4},"o":{"a":0,"k":100,"ix":5},"r":1,"bm":0,"nm":"Fill 1","mn":"ADBE Vector Graphic - Fill","hd":false},{"ty":"tr","p":{"a":0,"k":[16.58,-69.42],"ix":2},"a":{"a":0,"k":[0,0],"ix":1},"s":{"a":0,"k":[100,100],"ix":3},"r":{"a":0,"k":0,"ix":6},"o":{"a":0,"k":100,"ix":7},"sk":{"a":0,"k":0,"ix":4},"sa":{"a":0,"k":0,"ix":5},"nm":"Transform"}],"nm":"Ellipse 1","np":3,"cix":2,"bm":0,"ix":1,"mn":"ADBE Vector Group","hd":false}],"ip":0,"op":1800,"st":0,"bm":0},{"ddd":0,"ind":2,"ty":4,"nm":"trait","sr":1,"ks":{"o":{"a":0,"k":100,"ix":11},"r":{"a":0,"k":0,"ix":10},"p":{"a":0,"k":[400,444,0],"ix":2},"a":{"a":0,"k":[-2,43,0],"ix":1},"s":{"a":0,"k":[91.954,91.954,100],"ix":6}},"ao":0,"shapes":[{"ty":"gr","it":[{"ind":0,"ty":"sh","ix":1,"ks":{"a":0,"k":{"i":[[0,0],[0,0],[0,0]],"o":[[0,0],[0,0],[0,0]],"v":[[-402,43],[-2,43],[398,43]],"c":false},"ix":2},"nm":"Path 1","mn":"ADBE Vector Shape - Group","hd":false},{"ty":"st","c":{"a":0,"k":[0,0,0,1],"ix":3},"o":{"a":0,"k":100,"ix":4},"w":{"a":0,"k":8,"ix":5},"lc":1,"lj":1,"ml":4,"bm":0,"nm":"Stroke 1","mn":"ADBE Vector Graphic - Stroke","hd":false},{"ty":"tr","p":{"a":0,"k":[0,0],"ix":2},"a":{"a":0,"k":[0,0],"ix":1},"s":{"a":0,"k":[100,100],"ix":3},"r":{"a":0,"k":0,"ix":6},"o":{"a":0,"k":100,"ix":7},"sk":{"a":0,"k":0,"ix":4},"sa":{"a":0,"k":0,"ix":5},"nm":"Transform"}],"nm":"Shape 1","np":2,"cix":2,"bm":0,"ix":1,"mn":"ADBE Vector Group","hd":false}],"ip":0,"op":1800,"st":0,"bm":0}]},{"id":"comp_1","layers":[{"ddd":0,"ind":1,"ty":4,"nm":"boule","sr":1,"ks":{"o":{"a":0,"k":100,"ix":11},"r":{"a":0,"k":0,"ix":10},"p":{"s":true,"x":{"a":1,"k":[{"i":{"x":[0.833],"y":[1]},"o":{"x":[0.03],"y":[0]},"t":0,"s":[400]},{"i":{"x":[0.97],"y":[1]},"o":{"x":[0.167],"y":[0]},"t":20,"s":[400]},{"i":{"x":[0.833],"y":[1]},"o":{"x":[0.03],"y":[0]},"t":40,"s":[400]},{"i":{"x":[0.97],"y":[1]},"o":{"x":[0.167],"y":[0]},"t":60,"s":[400]},{"t":80,"s":[400]}],"ix":3},"y":{"a":1,"k":[{"i":{"x":[0.621],"y":[1]},"o":{"x":[0.03],"y":[0.48]},"t":0,"s":[400]},{"i":{"x":[0.969],"y":[0.319]},"o":{"x":[0.379],"y":[0]},"t":20,"s":[200]},{"i":{"x":[0.747],"y":[1]},"o":{"x":[0.03],"y":[0.741]},"t":40,"s":[400]},{"i":{"x":[0.97],"y":[0.297]},"o":{"x":[0.253],"y":[0]},"t":60,"s":[600]},{"t":80,"s":[400]}],"ix":4}},"a":{"a":0,"k":[16.58,-69.42,0],"ix":1},"s":{"a":0,"k":[100,100,100],"ix":6}},"ao":0,"shapes":[{"ty":"gr","it":[{"ind":0,"ty":"sh","ix":1,"ks":{"a":0,"k":{"i":[[23.516,0],[0,-23.516],[-23.516,0],[0,23.516]],"o":[[-23.516,0],[0,23.516],[23.516,0],[0,-23.516]],"v":[[0,-42.58],[-42.58,0],[0,42.58],[42.58,0]],"c":true},"ix":2},"nm":"Path 1","mn":"ADBE Vector Shape - Group","hd":false},{"ty":"st","c":{"a":0,"k":[1,0,0,1],"ix":3},"o":{"a":0,"k":100,"ix":4},"w":{"a":0,"k":8,"ix":5},"lc":1,"lj":1,"ml":4,"bm":0,"nm":"Stroke 1","mn":"ADBE Vector Graphic - Stroke","hd":false},{"ty":"fl","c":{"a":0,"k":[1,0,0,1],"ix":4},"o":{"a":0,"k":100,"ix":5},"r":1,"bm":0,"nm":"Fill 1","mn":"ADBE Vector Graphic - Fill","hd":false},{"ty":"tr","p":{"a":0,"k":[16.58,-69.42],"ix":2},"a":{"a":0,"k":[0,0],"ix":1},"s":{"a":0,"k":[100,100],"ix":3},"r":{"a":0,"k":0,"ix":6},"o":{"a":0,"k":100,"ix":7},"sk":{"a":0,"k":0,"ix":4},"sa":{"a":0,"k":0,"ix":5},"nm":"Transform"}],"nm":"Ellipse 1","np":3,"cix":2,"bm":0,"ix":1,"mn":"ADBE Vector Group","hd":false}],"ip":0,"op":1800,"st":0,"bm":0},{"ddd":0,"ind":2,"ty":4,"nm":"trait","sr":1,"ks":{"o":{"a":0,"k":100,"ix":11},"r":{"a":0,"k":0,"ix":10},"p":{"a":0,"k":[400,444,0],"ix":2},"a":{"a":0,"k":[-2,43,0],"ix":1},"s":{"a":0,"k":[91.954,91.954,100],"ix":6}},"ao":0,"shapes":[{"ty":"gr","it":[{"ind":0,"ty":"sh","ix":1,"ks":{"a":1,"k":[{"i":{"x":0.833,"y":0.833},"o":{"x":0.333,"y":0},"t":0,"s":[{"i":[[0,0],[0,0],[0,0]],"o":[[0,0],[0,0],[0,0]],"v":[[-402,43],[-2,43],[398,43]],"c":false}]},{"i":{"x":0.833,"y":0.833},"o":{"x":0.167,"y":0.167},"t":5,"s":[{"i":[[0,0],[-178.35,0],[0,0]],"o":[[0,0],[178.35,0],[0,0]],"v":[[-402,43],[-2,10.375],[398,43]],"c":false}]},{"i":{"x":0.833,"y":0.833},"o":{"x":0.167,"y":0.167},"t":10,"s":[{"i":[[0,0],[-76.125,0],[0,0]],"o":[[0,0],[76.125,0],[0,0]],"v":[[-402,43],[-2,53.875],[398,43]],"c":false}]},{"i":{"x":0.833,"y":0.833},"o":{"x":0.167,"y":0.167},"t":15,"s":[{"i":[[0,0],[-78.3,0],[0,0]],"o":[[0,0],[78.3,0],[0,0]],"v":[[-402,43],[-2,32.125],[398,43]],"c":false}]},{"i":{"x":0.833,"y":0.833},"o":{"x":0.167,"y":0.167},"t":20,"s":[{"i":[[0,0],[-81.562,0],[0,0]],"o":[[0,0],[81.563,0],[0,0]],"v":[[-402,43],[-2,50.613],[398,43]],"c":false}]},{"i":{"x":0.833,"y":0.833},"o":{"x":0.167,"y":0.167},"t":25,"s":[{"i":[[0,0],[-73.95,0],[0,0]],"o":[[0,0],[73.95,0],[0,0]],"v":[[-402,43],[-2,35.387],[398,43]],"c":false}]},{"i":{"x":0.833,"y":0.833},"o":{"x":0.167,"y":0.167},"t":30,"s":[{"i":[[0,0],[-95.7,0],[0,0]],"o":[[0,0],[95.7,0],[0,0]],"v":[[-402,43],[-2,46.262],[398,43]],"c":false}]},{"i":{"x":0.667,"y":1},"o":{"x":0.167,"y":0.167},"t":35,"s":[{"i":[[0,0],[-53.288,0],[0,0]],"o":[[0,0],[53.288,0],[0,0]],"v":[[-402,43],[-2,39.738],[398,43]],"c":false}]},{"i":{"x":0,"y":0.875},"o":{"x":0,"y":0},"t":40,"s":[{"i":[[0,0],[0,0],[0,0]],"o":[[0,0],[0,0],[0,0]],"v":[[-402,43],[-2,43],[398,43]],"c":false}]},{"i":{"x":1,"y":1},"o":{"x":1,"y":0.125},"t":60,"s":[{"i":[[0,0],[-73.95,0],[0,0]],"o":[[0,0],[73.95,0],[0,0]],"v":[[-402,43],[-2,260.5],[398,43]],"c":false}]},{"t":80,"s":[{"i":[[0,0],[0,0],[0,0]],"o":[[0,0],[0,0],[0,0]],"v":[[-402,43],[-2,43],[398,43]],"c":false}]}],"ix":2},"nm":"Path 1","mn":"ADBE Vector Shape - Group","hd":false},{"ty":"st","c":{"a":0,"k":[0,0,0,1],"ix":3},"o":{"a":0,"k":100,"ix":4},"w":{"a":0,"k":8,"ix":5},"lc":1,"lj":1,"ml":4,"bm":0,"nm":"Stroke 1","mn":"ADBE Vector Graphic - Stroke","hd":false},{"ty":"tr","p":{"a":0,"k":[0,0],"ix":2},"a":{"a":0,"k":[0,0],"ix":1},"s":{"a":0,"k":[100,100],"ix":3},"r":{"a":0,"k":0,"ix":6},"o":{"a":0,"k":100,"ix":7},"sk":{"a":0,"k":0,"ix":4},"sa":{"a":0,"k":0,"ix":5},"nm":"Transform"}],"nm":"Shape 1","np":2,"cix":2,"bm":0,"ix":1,"mn":"ADBE Vector Group","hd":false}],"ip":0,"op":1800,"st":0,"bm":0}]}],"layers":[{"ddd":0,"ind":1,"ty":0,"nm":"rebond elastique 1","refId":"comp_0","sr":1,"ks":{"o":{"a":0,"k":100,"ix":11},"r":{"a":0,"k":0,"ix":10},"p":{"a":0,"k":[400,400,0],"ix":2},"a":{"a":0,"k":[400,400,0],"ix":1},"s":{"a":0,"k":[100,100,100],"ix":6}},"ao":0,"w":800,"h":800,"ip":120,"op":161,"st":120,"bm":0},{"ddd":0,"ind":2,"ty":0,"nm":"rebond elastique 1","refId":"comp_0","sr":1,"ks":{"o":{"a":0,"k":100,"ix":11},"r":{"a":0,"k":0,"ix":10},"p":{"a":0,"k":[400,400,0],"ix":2},"a":{"a":0,"k":[400,400,0],"ix":1},"s":{"a":0,"k":[100,100,100],"ix":6}},"ao":0,"w":800,"h":800,"ip":80,"op":120,"st":80,"bm":0},{"ddd":0,"ind":3,"ty":0,"nm":"rebond elastique 2","refId":"comp_1","sr":1,"ks":{"o":{"a":0,"k":100,"ix":11},"r":{"a":0,"k":0,"ix":10},"p":{"a":0,"k":[400,400,0],"ix":2},"a":{"a":0,"k":[400,400,0],"ix":1},"s":{"a":0,"k":[100,100,100],"ix":6}},"ao":0,"w":800,"h":800,"ip":0,"op":80,"st":0,"bm":0}],"markers":[]}