{"v":"5.5.7","meta":{"g":"LottieFiles AE 0.1.21","a":"","k":"","d":"","tc":""},"fr":60,"ip":0,"op":180,"w":269,"h":269,"nm":"Pills array","ddd":0,"assets":[],"layers":[{"ddd":0,"ind":1,"ty":4,"nm":"pill","sr":1,"ks":{"o":{"a":0,"k":100,"ix":11},"r":{"a":1,"k":[{"i":{"x":[0.5],"y":[1]},"o":{"x":[0.5],"y":[0]},"t":0,"s":[0]},{"t":90,"s":[540]}],"ix":10},"p":{"a":0,"k":[19,19,0],"ix":2},"a":{"a":0,"k":[0,0,0],"ix":1},"s":{"a":0,"k":[100,100,100],"ix":6}},"ao":0,"shapes":[{"ty":"gr","it":[{"ind":0,"ty":"sh","ix":1,"ks":{"a":0,"k":{"i":[[0,-2.588],[0,0],[2.588,0],[0,0],[0,2.588],[0,0],[-2.588,0],[0,0]],"o":[[0,0],[0,2.588],[0,0],[-2.588,0],[0,0],[0,-2.588],[0,0],[2.588,0]],"v":[[14,-0.313],[14,0.314],[9.313,5],[-9.313,5],[-14,0.314],[-14,-0.313],[-9.313,-5],[9.313,-5]],"c":true},"ix":2},"nm":"Path 1","mn":"ADBE Vector Shape - Group","hd":false},{"ty":"fl","c":{"a":0,"k":[0.215690552955,0.501205564013,0.753956095378,1],"ix":4},"o":{"a":0,"k":100,"ix":5},"r":1,"bm":0,"nm":"Fill 1","mn":"ADBE Vector Graphic - Fill","hd":false},{"ty":"tr","p":{"a":0,"k":[0,0],"ix":2},"a":{"a":0,"k":[0,0],"ix":1},"s":{"a":0,"k":[100,100],"ix":3},"r":{"a":0,"k":0,"ix":6},"o":{"a":0,"k":100,"ix":7},"sk":{"a":0,"k":0,"ix":4},"sa":{"a":0,"k":0,"ix":5},"nm":"Transform"}],"nm":"Pill 1","np":2,"cix":2,"bm":0,"ix":1,"mn":"ADBE Vector Group","hd":false}],"ip":0,"op":181,"st":0,"bm":0},{"ddd":0,"ind":2,"ty":4,"nm":"pill 2","sr":1,"ks":{"o":{"a":0,"k":100,"ix":11},"r":{"a":1,"k":[{"i":{"x":[0.5],"y":[1]},"o":{"x":[0.5],"y":[0]},"t":4.801,"s":[0]},{"t":94.80078125,"s":[540]}],"ix":10},"p":{"a":0,"k":[52,19,0],"ix":2},"a":{"a":0,"k":[0,0,0],"ix":1},"s":{"a":0,"k":[100,100,100],"ix":6}},"ao":0,"shapes":[{"ty":"gr","it":[{"ind":0,"ty":"sh","ix":1,"ks":{"a":0,"k":{"i":[[0,-2.588],[0,0],[2.588,0],[0,0],[0,2.588],[0,0],[-2.588,0],[0,0]],"o":[[0,0],[0,2.588],[0,0],[-2.588,0],[0,0],[0,-2.588],[0,0],[2.588,0]],"v":[[14,-0.313],[14,0.314],[9.313,5],[-9.313,5],[-14,0.314],[-14,-0.313],[-9.313,-5],[9.313,-5]],"c":true},"ix":2},"nm":"Path 1","mn":"ADBE Vector Shape - Group","hd":false},{"ty":"fl","c":{"a":0,"k":[0.215690552955,0.501205564013,0.753956095378,1],"ix":4},"o":{"a":0,"k":100,"ix":5},"r":1,"bm":0,"nm":"Fill 1","mn":"ADBE Vector Graphic - Fill","hd":false},{"ty":"tr","p":{"a":0,"k":[0,0],"ix":2},"a":{"a":0,"k":[0,0],"ix":1},"s":{"a":0,"k":[100,100],"ix":3},"r":{"a":0,"k":0,"ix":6},"o":{"a":0,"k":100,"ix":7},"sk":{"a":0,"k":0,"ix":4},"sa":{"a":0,"k":0,"ix":5},"nm":"Transform"}],"nm":"Pill 1","np":2,"cix":2,"bm":0,"ix":1,"mn":"ADBE Vector Group","hd":false}],"ip":0,"op":181,"st":0,"bm":0},{"ddd":0,"ind":3,"ty":4,"nm":"pill 3","sr":1,"ks":{"o":{"a":0,"k":100,"ix":11},"r":{"a":1,"k":[{"i":{"x":[0.5],"y":[1]},"o":{"x":[0.5],"y":[0]},"t":9.6,"s":[0]},{"t":99.599609375,"s":[540]}],"ix":10},"p":{"a":0,"k":[85,19,0],"ix":2},"a":{"a":0,"k":[0,0,0],"ix":1},"s":{"a":0,"k":[100,100,100],"ix":6}},"ao":0,"shapes":[{"ty":"gr","it":[{"ind":0,"ty":"sh","ix":1,"ks":{"a":0,"k":{"i":[[0,-2.588],[0,0],[2.588,0],[0,0],[0,2.588],[0,0],[-2.588,0],[0,0]],"o":[[0,0],[0,2.588],[0,0],[-2.588,0],[0,0],[0,-2.588],[0,0],[2.588,0]],"v":[[14,-0.313],[14,0.314],[9.313,5],[-9.313,5],[-14,0.314],[-14,-0.313],[-9.313,-5],[9.313,-5]],"c":true},"ix":2},"nm":"Path 1","mn":"ADBE Vector Shape - Group","hd":false},{"ty":"fl","c":{"a":0,"k":[0.215690552955,0.501205564013,0.753956095378,1],"ix":4},"o":{"a":0,"k":100,"ix":5},"r":1,"bm":0,"nm":"Fill 1","mn":"ADBE Vector Graphic - Fill","hd":false},{"ty":"tr","p":{"a":0,"k":[0,0],"ix":2},"a":{"a":0,"k":[0,0],"ix":1},"s":{"a":0,"k":[100,100],"ix":3},"r":{"a":0,"k":0,"ix":6},"o":{"a":0,"k":100,"ix":7},"sk":{"a":0,"k":0,"ix":4},"sa":{"a":0,"k":0,"ix":5},"nm":"Transform"}],"nm":"Pill 1","np":2,"cix":2,"bm":0,"ix":1,"mn":"ADBE Vector Group","hd":false}],"ip":0,"op":181,"st":0,"bm":0},{"ddd":0,"ind":4,"ty":4,"nm":"pill 4","sr":1,"ks":{"o":{"a":0,"k":100,"ix":11},"r":{"a":1,"k":[{"i":{"x":[0.5],"y":[1]},"o":{"x":[0.5],"y":[0]},"t":14.4,"s":[0]},{"t":104.400390625,"s":[540]}],"ix":10},"p":{"a":0,"k":[118,19,0],"ix":2},"a":{"a":0,"k":[0,0,0],"ix":1},"s":{"a":0,"k":[100,100,100],"ix":6}},"ao":0,"shapes":[{"ty":"gr","it":[{"ind":0,"ty":"sh","ix":1,"ks":{"a":0,"k":{"i":[[0,-2.588],[0,0],[2.588,0],[0,0],[0,2.588],[0,0],[-2.588,0],[0,0]],"o":[[0,0],[0,2.588],[0,0],[-2.588,0],[0,0],[0,-2.588],[0,0],[2.588,0]],"v":[[14,-0.313],[14,0.314],[9.313,5],[-9.313,5],[-14,0.314],[-14,-0.313],[-9.313,-5],[9.313,-5]],"c":true},"ix":2},"nm":"Path 1","mn":"ADBE Vector Shape - Group","hd":false},{"ty":"fl","c":{"a":0,"k":[0.215690552955,0.501205564013,0.753956095378,1],"ix":4},"o":{"a":0,"k":100,"ix":5},"r":1,"bm":0,"nm":"Fill 1","mn":"ADBE Vector Graphic - Fill","hd":false},{"ty":"tr","p":{"a":0,"k":[0,0],"ix":2},"a":{"a":0,"k":[0,0],"ix":1},"s":{"a":0,"k":[100,100],"ix":3},"r":{"a":0,"k":0,"ix":6},"o":{"a":0,"k":100,"ix":7},"sk":{"a":0,"k":0,"ix":4},"sa":{"a":0,"k":0,"ix":5},"nm":"Transform"}],"nm":"Pill 1","np":2,"cix":2,"bm":0,"ix":1,"mn":"ADBE Vector Group","hd":false}],"ip":0,"op":181,"st":0,"bm":0},{"ddd":0,"ind":5,"ty":4,"nm":"pill 5","sr":1,"ks":{"o":{"a":0,"k":100,"ix":11},"r":{"a":1,"k":[{"i":{"x":[0.5],"y":[1]},"o":{"x":[0.5],"y":[0]},"t":19.199,"s":[0]},{"t":109.19921875,"s":[540]}],"ix":10},"p":{"a":0,"k":[151,19,0],"ix":2},"a":{"a":0,"k":[0,0,0],"ix":1},"s":{"a":0,"k":[100,100,100],"ix":6}},"ao":0,"shapes":[{"ty":"gr","it":[{"ind":0,"ty":"sh","ix":1,"ks":{"a":0,"k":{"i":[[0,-2.588],[0,0],[2.588,0],[0,0],[0,2.588],[0,0],[-2.588,0],[0,0]],"o":[[0,0],[0,2.588],[0,0],[-2.588,0],[0,0],[0,-2.588],[0,0],[2.588,0]],"v":[[14,-0.313],[14,0.314],[9.313,5],[-9.313,5],[-14,0.314],[-14,-0.313],[-9.313,-5],[9.313,-5]],"c":true},"ix":2},"nm":"Path 1","mn":"ADBE Vector Shape - Group","hd":false},{"ty":"fl","c":{"a":0,"k":[0.215690552955,0.501205564013,0.753956095378,1],"ix":4},"o":{"a":0,"k":100,"ix":5},"r":1,"bm":0,"nm":"Fill 1","mn":"ADBE Vector Graphic - Fill","hd":false},{"ty":"tr","p":{"a":0,"k":[0,0],"ix":2},"a":{"a":0,"k":[0,0],"ix":1},"s":{"a":0,"k":[100,100],"ix":3},"r":{"a":0,"k":0,"ix":6},"o":{"a":0,"k":100,"ix":7},"sk":{"a":0,"k":0,"ix":4},"sa":{"a":0,"k":0,"ix":5},"nm":"Transform"}],"nm":"Pill 1","np":2,"cix":2,"bm":0,"ix":1,"mn":"ADBE Vector Group","hd":false}],"ip":0,"op":181,"st":0,"bm":0},{"ddd":0,"ind":6,"ty":4,"nm":"pill 6","sr":1,"ks":{"o":{"a":0,"k":100,"ix":11},"r":{"a":1,"k":[{"i":{"x":[0.5],"y":[1]},"o":{"x":[0.5],"y":[0]},"t":24,"s":[0]},{"t":114,"s":[540]}],"ix":10},"p":{"a":0,"k":[184,19,0],"ix":2},"a":{"a":0,"k":[0,0,0],"ix":1},"s":{"a":0,"k":[100,100,100],"ix":6}},"ao":0,"shapes":[{"ty":"gr","it":[{"ind":0,"ty":"sh","ix":1,"ks":{"a":0,"k":{"i":[[0,-2.588],[0,0],[2.588,0],[0,0],[0,2.588],[0,0],[-2.588,0],[0,0]],"o":[[0,0],[0,2.588],[0,0],[-2.588,0],[0,0],[0,-2.588],[0,0],[2.588,0]],"v":[[14,-0.313],[14,0.314],[9.313,5],[-9.313,5],[-14,0.314],[-14,-0.313],[-9.313,-5],[9.313,-5]],"c":true},"ix":2},"nm":"Path 1","mn":"ADBE Vector Shape - Group","hd":false},{"ty":"fl","c":{"a":0,"k":[0.215690552955,0.501205564013,0.753956095378,1],"ix":4},"o":{"a":0,"k":100,"ix":5},"r":1,"bm":0,"nm":"Fill 1","mn":"ADBE Vector Graphic - Fill","hd":false},{"ty":"tr","p":{"a":0,"k":[0,0],"ix":2},"a":{"a":0,"k":[0,0],"ix":1},"s":{"a":0,"k":[100,100],"ix":3},"r":{"a":0,"k":0,"ix":6},"o":{"a":0,"k":100,"ix":7},"sk":{"a":0,"k":0,"ix":4},"sa":{"a":0,"k":0,"ix":5},"nm":"Transform"}],"nm":"Pill 1","np":2,"cix":2,"bm":0,"ix":1,"mn":"ADBE Vector Group","hd":false}],"ip":0,"op":181,"st":0,"bm":0},{"ddd":0,"ind":7,"ty":4,"nm":"pill 7","sr":1,"ks":{"o":{"a":0,"k":100,"ix":11},"r":{"a":1,"k":[{"i":{"x":[0.5],"y":[1]},"o":{"x":[0.5],"y":[0]},"t":28.801,"s":[0]},{"t":118.80078125,"s":[540]}],"ix":10},"p":{"a":0,"k":[217,19,0],"ix":2},"a":{"a":0,"k":[0,0,0],"ix":1},"s":{"a":0,"k":[100,100,100],"ix":6}},"ao":0,"shapes":[{"ty":"gr","it":[{"ind":0,"ty":"sh","ix":1,"ks":{"a":0,"k":{"i":[[0,-2.588],[0,0],[2.588,0],[0,0],[0,2.588],[0,0],[-2.588,0],[0,0]],"o":[[0,0],[0,2.588],[0,0],[-2.588,0],[0,0],[0,-2.588],[0,0],[2.588,0]],"v":[[14,-0.313],[14,0.314],[9.313,5],[-9.313,5],[-14,0.314],[-14,-0.313],[-9.313,-5],[9.313,-5]],"c":true},"ix":2},"nm":"Path 1","mn":"ADBE Vector Shape - Group","hd":false},{"ty":"fl","c":{"a":0,"k":[0.215690552955,0.501205564013,0.753956095378,1],"ix":4},"o":{"a":0,"k":100,"ix":5},"r":1,"bm":0,"nm":"Fill 1","mn":"ADBE Vector Graphic - Fill","hd":false},{"ty":"tr","p":{"a":0,"k":[0,0],"ix":2},"a":{"a":0,"k":[0,0],"ix":1},"s":{"a":0,"k":[100,100],"ix":3},"r":{"a":0,"k":0,"ix":6},"o":{"a":0,"k":100,"ix":7},"sk":{"a":0,"k":0,"ix":4},"sa":{"a":0,"k":0,"ix":5},"nm":"Transform"}],"nm":"Pill 1","np":2,"cix":2,"bm":0,"ix":1,"mn":"ADBE Vector Group","hd":false}],"ip":0,"op":181,"st":0,"bm":0},{"ddd":0,"ind":8,"ty":4,"nm":"pill 8","sr":1,"ks":{"o":{"a":0,"k":100,"ix":11},"r":{"a":1,"k":[{"i":{"x":[0.5],"y":[1]},"o":{"x":[0.5],"y":[0]},"t":33.6,"s":[0]},{"t":123.599609375,"s":[540]}],"ix":10},"p":{"a":0,"k":[250,19,0],"ix":2},"a":{"a":0,"k":[0,0,0],"ix":1},"s":{"a":0,"k":[100,100,100],"ix":6}},"ao":0,"shapes":[{"ty":"gr","it":[{"ind":0,"ty":"sh","ix":1,"ks":{"a":0,"k":{"i":[[0,-2.588],[0,0],[2.588,0],[0,0],[0,2.588],[0,0],[-2.588,0],[0,0]],"o":[[0,0],[0,2.588],[0,0],[-2.588,0],[0,0],[0,-2.588],[0,0],[2.588,0]],"v":[[14,-0.313],[14,0.314],[9.313,5],[-9.313,5],[-14,0.314],[-14,-0.313],[-9.313,-5],[9.313,-5]],"c":true},"ix":2},"nm":"Path 1","mn":"ADBE Vector Shape - Group","hd":false},{"ty":"fl","c":{"a":0,"k":[0.215690552955,0.501205564013,0.753956095378,1],"ix":4},"o":{"a":0,"k":100,"ix":5},"r":1,"bm":0,"nm":"Fill 1","mn":"ADBE Vector Graphic - Fill","hd":false},{"ty":"tr","p":{"a":0,"k":[0,0],"ix":2},"a":{"a":0,"k":[0,0],"ix":1},"s":{"a":0,"k":[100,100],"ix":3},"r":{"a":0,"k":0,"ix":6},"o":{"a":0,"k":100,"ix":7},"sk":{"a":0,"k":0,"ix":4},"sa":{"a":0,"k":0,"ix":5},"nm":"Transform"}],"nm":"Pill 1","np":2,"cix":2,"bm":0,"ix":1,"mn":"ADBE Vector Group","hd":false}],"ip":0,"op":181,"st":0,"bm":0},{"ddd":0,"ind":9,"ty":4,"nm":"pill 9","sr":1,"ks":{"o":{"a":0,"k":100,"ix":11},"r":{"a":1,"k":[{"i":{"x":[0.5],"y":[1]},"o":{"x":[0.5],"y":[0]},"t":4.801,"s":[0]},{"t":94.80078125,"s":[540]}],"ix":10},"p":{"a":0,"k":[19,52,0],"ix":2},"a":{"a":0,"k":[0,0,0],"ix":1},"s":{"a":0,"k":[100,100,100],"ix":6}},"ao":0,"shapes":[{"ty":"gr","it":[{"ind":0,"ty":"sh","ix":1,"ks":{"a":0,"k":{"i":[[0,-2.588],[0,0],[2.588,0],[0,0],[0,2.588],[0,0],[-2.588,0],[0,0]],"o":[[0,0],[0,2.588],[0,0],[-2.588,0],[0,0],[0,-2.588],[0,0],[2.588,0]],"v":[[14,-0.313],[14,0.314],[9.313,5],[-9.313,5],[-14,0.314],[-14,-0.313],[-9.313,-5],[9.313,-5]],"c":true},"ix":2},"nm":"Path 1","mn":"ADBE Vector Shape - Group","hd":false},{"ty":"fl","c":{"a":0,"k":[0.215690552955,0.501205564013,0.753956095378,1],"ix":4},"o":{"a":0,"k":100,"ix":5},"r":1,"bm":0,"nm":"Fill 1","mn":"ADBE Vector Graphic - Fill","hd":false},{"ty":"tr","p":{"a":0,"k":[0,0],"ix":2},"a":{"a":0,"k":[0,0],"ix":1},"s":{"a":0,"k":[100,100],"ix":3},"r":{"a":0,"k":0,"ix":6},"o":{"a":0,"k":100,"ix":7},"sk":{"a":0,"k":0,"ix":4},"sa":{"a":0,"k":0,"ix":5},"nm":"Transform"}],"nm":"Pill 1","np":2,"cix":2,"bm":0,"ix":1,"mn":"ADBE Vector Group","hd":false}],"ip":0,"op":181,"st":0,"bm":0},{"ddd":0,"ind":10,"ty":4,"nm":"pill 10","sr":1,"ks":{"o":{"a":0,"k":100,"ix":11},"r":{"a":1,"k":[{"i":{"x":[0.5],"y":[1]},"o":{"x":[0.5],"y":[0]},"t":9.6,"s":[0]},{"t":99.599609375,"s":[540]}],"ix":10},"p":{"a":0,"k":[52,52,0],"ix":2},"a":{"a":0,"k":[0,0,0],"ix":1},"s":{"a":0,"k":[100,100,100],"ix":6}},"ao":0,"shapes":[{"ty":"gr","it":[{"ind":0,"ty":"sh","ix":1,"ks":{"a":0,"k":{"i":[[0,-2.588],[0,0],[2.588,0],[0,0],[0,2.588],[0,0],[-2.588,0],[0,0]],"o":[[0,0],[0,2.588],[0,0],[-2.588,0],[0,0],[0,-2.588],[0,0],[2.588,0]],"v":[[14,-0.313],[14,0.314],[9.313,5],[-9.313,5],[-14,0.314],[-14,-0.313],[-9.313,-5],[9.313,-5]],"c":true},"ix":2},"nm":"Path 1","mn":"ADBE Vector Shape - Group","hd":false},{"ty":"fl","c":{"a":0,"k":[0.215690552955,0.501205564013,0.753956095378,1],"ix":4},"o":{"a":0,"k":100,"ix":5},"r":1,"bm":0,"nm":"Fill 1","mn":"ADBE Vector Graphic - Fill","hd":false},{"ty":"tr","p":{"a":0,"k":[0,0],"ix":2},"a":{"a":0,"k":[0,0],"ix":1},"s":{"a":0,"k":[100,100],"ix":3},"r":{"a":0,"k":0,"ix":6},"o":{"a":0,"k":100,"ix":7},"sk":{"a":0,"k":0,"ix":4},"sa":{"a":0,"k":0,"ix":5},"nm":"Transform"}],"nm":"Pill 1","np":2,"cix":2,"bm":0,"ix":1,"mn":"ADBE Vector Group","hd":false}],"ip":0,"op":181,"st":0,"bm":0},{"ddd":0,"ind":11,"ty":4,"nm":"pill 11","sr":1,"ks":{"o":{"a":0,"k":100,"ix":11},"r":{"a":1,"k":[{"i":{"x":[0.5],"y":[1]},"o":{"x":[0.5],"y":[0]},"t":14.4,"s":[0]},{"t":104.400390625,"s":[540]}],"ix":10},"p":{"a":0,"k":[85,52,0],"ix":2},"a":{"a":0,"k":[0,0,0],"ix":1},"s":{"a":0,"k":[100,100,100],"ix":6}},"ao":0,"shapes":[{"ty":"gr","it":[{"ind":0,"ty":"sh","ix":1,"ks":{"a":0,"k":{"i":[[0,-2.588],[0,0],[2.588,0],[0,0],[0,2.588],[0,0],[-2.588,0],[0,0]],"o":[[0,0],[0,2.588],[0,0],[-2.588,0],[0,0],[0,-2.588],[0,0],[2.588,0]],"v":[[14,-0.313],[14,0.314],[9.313,5],[-9.313,5],[-14,0.314],[-14,-0.313],[-9.313,-5],[9.313,-5]],"c":true},"ix":2},"nm":"Path 1","mn":"ADBE Vector Shape - Group","hd":false},{"ty":"fl","c":{"a":0,"k":[0.215690552955,0.501205564013,0.753956095378,1],"ix":4},"o":{"a":0,"k":100,"ix":5},"r":1,"bm":0,"nm":"Fill 1","mn":"ADBE Vector Graphic - Fill","hd":false},{"ty":"tr","p":{"a":0,"k":[0,0],"ix":2},"a":{"a":0,"k":[0,0],"ix":1},"s":{"a":0,"k":[100,100],"ix":3},"r":{"a":0,"k":0,"ix":6},"o":{"a":0,"k":100,"ix":7},"sk":{"a":0,"k":0,"ix":4},"sa":{"a":0,"k":0,"ix":5},"nm":"Transform"}],"nm":"Pill 1","np":2,"cix":2,"bm":0,"ix":1,"mn":"ADBE Vector Group","hd":false}],"ip":0,"op":181,"st":0,"bm":0},{"ddd":0,"ind":12,"ty":4,"nm":"pill 12","sr":1,"ks":{"o":{"a":0,"k":100,"ix":11},"r":{"a":1,"k":[{"i":{"x":[0.5],"y":[1]},"o":{"x":[0.5],"y":[0]},"t":19.199,"s":[0]},{"t":109.19921875,"s":[540]}],"ix":10},"p":{"a":0,"k":[118,52,0],"ix":2},"a":{"a":0,"k":[0,0,0],"ix":1},"s":{"a":0,"k":[100,100,100],"ix":6}},"ao":0,"shapes":[{"ty":"gr","it":[{"ind":0,"ty":"sh","ix":1,"ks":{"a":0,"k":{"i":[[0,-2.588],[0,0],[2.588,0],[0,0],[0,2.588],[0,0],[-2.588,0],[0,0]],"o":[[0,0],[0,2.588],[0,0],[-2.588,0],[0,0],[0,-2.588],[0,0],[2.588,0]],"v":[[14,-0.313],[14,0.314],[9.313,5],[-9.313,5],[-14,0.314],[-14,-0.313],[-9.313,-5],[9.313,-5]],"c":true},"ix":2},"nm":"Path 1","mn":"ADBE Vector Shape - Group","hd":false},{"ty":"fl","c":{"a":0,"k":[0.215690552955,0.501205564013,0.753956095378,1],"ix":4},"o":{"a":0,"k":100,"ix":5},"r":1,"bm":0,"nm":"Fill 1","mn":"ADBE Vector Graphic - Fill","hd":false},{"ty":"tr","p":{"a":0,"k":[0,0],"ix":2},"a":{"a":0,"k":[0,0],"ix":1},"s":{"a":0,"k":[100,100],"ix":3},"r":{"a":0,"k":0,"ix":6},"o":{"a":0,"k":100,"ix":7},"sk":{"a":0,"k":0,"ix":4},"sa":{"a":0,"k":0,"ix":5},"nm":"Transform"}],"nm":"Pill 1","np":2,"cix":2,"bm":0,"ix":1,"mn":"ADBE Vector Group","hd":false}],"ip":0,"op":181,"st":0,"bm":0},{"ddd":0,"ind":13,"ty":4,"nm":"pill 13","sr":1,"ks":{"o":{"a":0,"k":100,"ix":11},"r":{"a":1,"k":[{"i":{"x":[0.5],"y":[1]},"o":{"x":[0.5],"y":[0]},"t":24,"s":[0]},{"t":114,"s":[540]}],"ix":10},"p":{"a":0,"k":[151,52,0],"ix":2},"a":{"a":0,"k":[0,0,0],"ix":1},"s":{"a":0,"k":[100,100,100],"ix":6}},"ao":0,"shapes":[{"ty":"gr","it":[{"ind":0,"ty":"sh","ix":1,"ks":{"a":0,"k":{"i":[[0,-2.588],[0,0],[2.588,0],[0,0],[0,2.588],[0,0],[-2.588,0],[0,0]],"o":[[0,0],[0,2.588],[0,0],[-2.588,0],[0,0],[0,-2.588],[0,0],[2.588,0]],"v":[[14,-0.313],[14,0.314],[9.313,5],[-9.313,5],[-14,0.314],[-14,-0.313],[-9.313,-5],[9.313,-5]],"c":true},"ix":2},"nm":"Path 1","mn":"ADBE Vector Shape - Group","hd":false},{"ty":"fl","c":{"a":0,"k":[0.215690552955,0.501205564013,0.753956095378,1],"ix":4},"o":{"a":0,"k":100,"ix":5},"r":1,"bm":0,"nm":"Fill 1","mn":"ADBE Vector Graphic - Fill","hd":false},{"ty":"tr","p":{"a":0,"k":[0,0],"ix":2},"a":{"a":0,"k":[0,0],"ix":1},"s":{"a":0,"k":[100,100],"ix":3},"r":{"a":0,"k":0,"ix":6},"o":{"a":0,"k":100,"ix":7},"sk":{"a":0,"k":0,"ix":4},"sa":{"a":0,"k":0,"ix":5},"nm":"Transform"}],"nm":"Pill 1","np":2,"cix":2,"bm":0,"ix":1,"mn":"ADBE Vector Group","hd":false}],"ip":0,"op":181,"st":0,"bm":0},{"ddd":0,"ind":14,"ty":4,"nm":"pill 14","sr":1,"ks":{"o":{"a":0,"k":100,"ix":11},"r":{"a":1,"k":[{"i":{"x":[0.5],"y":[1]},"o":{"x":[0.5],"y":[0]},"t":28.801,"s":[0]},{"t":118.80078125,"s":[540]}],"ix":10},"p":{"a":0,"k":[184,52,0],"ix":2},"a":{"a":0,"k":[0,0,0],"ix":1},"s":{"a":0,"k":[100,100,100],"ix":6}},"ao":0,"shapes":[{"ty":"gr","it":[{"ind":0,"ty":"sh","ix":1,"ks":{"a":0,"k":{"i":[[0,-2.588],[0,0],[2.588,0],[0,0],[0,2.588],[0,0],[-2.588,0],[0,0]],"o":[[0,0],[0,2.588],[0,0],[-2.588,0],[0,0],[0,-2.588],[0,0],[2.588,0]],"v":[[14,-0.313],[14,0.314],[9.313,5],[-9.313,5],[-14,0.314],[-14,-0.313],[-9.313,-5],[9.313,-5]],"c":true},"ix":2},"nm":"Path 1","mn":"ADBE Vector Shape - Group","hd":false},{"ty":"fl","c":{"a":0,"k":[0.215690552955,0.501205564013,0.753956095378,1],"ix":4},"o":{"a":0,"k":100,"ix":5},"r":1,"bm":0,"nm":"Fill 1","mn":"ADBE Vector Graphic - Fill","hd":false},{"ty":"tr","p":{"a":0,"k":[0,0],"ix":2},"a":{"a":0,"k":[0,0],"ix":1},"s":{"a":0,"k":[100,100],"ix":3},"r":{"a":0,"k":0,"ix":6},"o":{"a":0,"k":100,"ix":7},"sk":{"a":0,"k":0,"ix":4},"sa":{"a":0,"k":0,"ix":5},"nm":"Transform"}],"nm":"Pill 1","np":2,"cix":2,"bm":0,"ix":1,"mn":"ADBE Vector Group","hd":false}],"ip":0,"op":181,"st":0,"bm":0},{"ddd":0,"ind":15,"ty":4,"nm":"pill 15","sr":1,"ks":{"o":{"a":0,"k":100,"ix":11},"r":{"a":1,"k":[{"i":{"x":[0.5],"y":[1]},"o":{"x":[0.5],"y":[0]},"t":33.6,"s":[0]},{"t":123.599609375,"s":[540]}],"ix":10},"p":{"a":0,"k":[217,52,0],"ix":2},"a":{"a":0,"k":[0,0,0],"ix":1},"s":{"a":0,"k":[100,100,100],"ix":6}},"ao":0,"shapes":[{"ty":"gr","it":[{"ind":0,"ty":"sh","ix":1,"ks":{"a":0,"k":{"i":[[0,-2.588],[0,0],[2.588,0],[0,0],[0,2.588],[0,0],[-2.588,0],[0,0]],"o":[[0,0],[0,2.588],[0,0],[-2.588,0],[0,0],[0,-2.588],[0,0],[2.588,0]],"v":[[14,-0.313],[14,0.314],[9.313,5],[-9.313,5],[-14,0.314],[-14,-0.313],[-9.313,-5],[9.313,-5]],"c":true},"ix":2},"nm":"Path 1","mn":"ADBE Vector Shape - Group","hd":false},{"ty":"fl","c":{"a":0,"k":[0.215690552955,0.501205564013,0.753956095378,1],"ix":4},"o":{"a":0,"k":100,"ix":5},"r":1,"bm":0,"nm":"Fill 1","mn":"ADBE Vector Graphic - Fill","hd":false},{"ty":"tr","p":{"a":0,"k":[0,0],"ix":2},"a":{"a":0,"k":[0,0],"ix":1},"s":{"a":0,"k":[100,100],"ix":3},"r":{"a":0,"k":0,"ix":6},"o":{"a":0,"k":100,"ix":7},"sk":{"a":0,"k":0,"ix":4},"sa":{"a":0,"k":0,"ix":5},"nm":"Transform"}],"nm":"Pill 1","np":2,"cix":2,"bm":0,"ix":1,"mn":"ADBE Vector Group","hd":false}],"ip":0,"op":181,"st":0,"bm":0},{"ddd":0,"ind":16,"ty":4,"nm":"pill 16","sr":1,"ks":{"o":{"a":0,"k":100,"ix":11},"r":{"a":1,"k":[{"i":{"x":[0.5],"y":[1]},"o":{"x":[0.5],"y":[0]},"t":38.4,"s":[0]},{"t":128.400390625,"s":[540]}],"ix":10},"p":{"a":0,"k":[250,52,0],"ix":2},"a":{"a":0,"k":[0,0,0],"ix":1},"s":{"a":0,"k":[100,100,100],"ix":6}},"ao":0,"shapes":[{"ty":"gr","it":[{"ind":0,"ty":"sh","ix":1,"ks":{"a":0,"k":{"i":[[0,-2.588],[0,0],[2.588,0],[0,0],[0,2.588],[0,0],[-2.588,0],[0,0]],"o":[[0,0],[0,2.588],[0,0],[-2.588,0],[0,0],[0,-2.588],[0,0],[2.588,0]],"v":[[14,-0.313],[14,0.314],[9.313,5],[-9.313,5],[-14,0.314],[-14,-0.313],[-9.313,-5],[9.313,-5]],"c":true},"ix":2},"nm":"Path 1","mn":"ADBE Vector Shape - Group","hd":false},{"ty":"fl","c":{"a":0,"k":[0.215690552955,0.501205564013,0.753956095378,1],"ix":4},"o":{"a":0,"k":100,"ix":5},"r":1,"bm":0,"nm":"Fill 1","mn":"ADBE Vector Graphic - Fill","hd":false},{"ty":"tr","p":{"a":0,"k":[0,0],"ix":2},"a":{"a":0,"k":[0,0],"ix":1},"s":{"a":0,"k":[100,100],"ix":3},"r":{"a":0,"k":0,"ix":6},"o":{"a":0,"k":100,"ix":7},"sk":{"a":0,"k":0,"ix":4},"sa":{"a":0,"k":0,"ix":5},"nm":"Transform"}],"nm":"Pill 1","np":2,"cix":2,"bm":0,"ix":1,"mn":"ADBE Vector Group","hd":false}],"ip":0,"op":181,"st":0,"bm":0},{"ddd":0,"ind":17,"ty":4,"nm":"pill 17","sr":1,"ks":{"o":{"a":0,"k":100,"ix":11},"r":{"a":1,"k":[{"i":{"x":[0.5],"y":[1]},"o":{"x":[0.5],"y":[0]},"t":9.6,"s":[0]},{"t":99.599609375,"s":[540]}],"ix":10},"p":{"a":0,"k":[19,85,0],"ix":2},"a":{"a":0,"k":[0,0,0],"ix":1},"s":{"a":0,"k":[100,100,100],"ix":6}},"ao":0,"shapes":[{"ty":"gr","it":[{"ind":0,"ty":"sh","ix":1,"ks":{"a":0,"k":{"i":[[0,-2.588],[0,0],[2.588,0],[0,0],[0,2.588],[0,0],[-2.588,0],[0,0]],"o":[[0,0],[0,2.588],[0,0],[-2.588,0],[0,0],[0,-2.588],[0,0],[2.588,0]],"v":[[14,-0.313],[14,0.314],[9.313,5],[-9.313,5],[-14,0.314],[-14,-0.313],[-9.313,-5],[9.313,-5]],"c":true},"ix":2},"nm":"Path 1","mn":"ADBE Vector Shape - Group","hd":false},{"ty":"fl","c":{"a":0,"k":[0.215690552955,0.501205564013,0.753956095378,1],"ix":4},"o":{"a":0,"k":100,"ix":5},"r":1,"bm":0,"nm":"Fill 1","mn":"ADBE Vector Graphic - Fill","hd":false},{"ty":"tr","p":{"a":0,"k":[0,0],"ix":2},"a":{"a":0,"k":[0,0],"ix":1},"s":{"a":0,"k":[100,100],"ix":3},"r":{"a":0,"k":0,"ix":6},"o":{"a":0,"k":100,"ix":7},"sk":{"a":0,"k":0,"ix":4},"sa":{"a":0,"k":0,"ix":5},"nm":"Transform"}],"nm":"Pill 1","np":2,"cix":2,"bm":0,"ix":1,"mn":"ADBE Vector Group","hd":false}],"ip":0,"op":181,"st":0,"bm":0},{"ddd":0,"ind":18,"ty":4,"nm":"pill 18","sr":1,"ks":{"o":{"a":0,"k":100,"ix":11},"r":{"a":1,"k":[{"i":{"x":[0.5],"y":[1]},"o":{"x":[0.5],"y":[0]},"t":14.4,"s":[0]},{"t":104.400390625,"s":[540]}],"ix":10},"p":{"a":0,"k":[52,85,0],"ix":2},"a":{"a":0,"k":[0,0,0],"ix":1},"s":{"a":0,"k":[100,100,100],"ix":6}},"ao":0,"shapes":[{"ty":"gr","it":[{"ind":0,"ty":"sh","ix":1,"ks":{"a":0,"k":{"i":[[0,-2.588],[0,0],[2.588,0],[0,0],[0,2.588],[0,0],[-2.588,0],[0,0]],"o":[[0,0],[0,2.588],[0,0],[-2.588,0],[0,0],[0,-2.588],[0,0],[2.588,0]],"v":[[14,-0.313],[14,0.314],[9.313,5],[-9.313,5],[-14,0.314],[-14,-0.313],[-9.313,-5],[9.313,-5]],"c":true},"ix":2},"nm":"Path 1","mn":"ADBE Vector Shape - Group","hd":false},{"ty":"fl","c":{"a":0,"k":[0.215690552955,0.501205564013,0.753956095378,1],"ix":4},"o":{"a":0,"k":100,"ix":5},"r":1,"bm":0,"nm":"Fill 1","mn":"ADBE Vector Graphic - Fill","hd":false},{"ty":"tr","p":{"a":0,"k":[0,0],"ix":2},"a":{"a":0,"k":[0,0],"ix":1},"s":{"a":0,"k":[100,100],"ix":3},"r":{"a":0,"k":0,"ix":6},"o":{"a":0,"k":100,"ix":7},"sk":{"a":0,"k":0,"ix":4},"sa":{"a":0,"k":0,"ix":5},"nm":"Transform"}],"nm":"Pill 1","np":2,"cix":2,"bm":0,"ix":1,"mn":"ADBE Vector Group","hd":false}],"ip":0,"op":181,"st":0,"bm":0},{"ddd":0,"ind":19,"ty":4,"nm":"pill 19","sr":1,"ks":{"o":{"a":0,"k":100,"ix":11},"r":{"a":1,"k":[{"i":{"x":[0.5],"y":[1]},"o":{"x":[0.5],"y":[0]},"t":19.199,"s":[0]},{"t":109.19921875,"s":[540]}],"ix":10},"p":{"a":0,"k":[85,85,0],"ix":2},"a":{"a":0,"k":[0,0,0],"ix":1},"s":{"a":0,"k":[100,100,100],"ix":6}},"ao":0,"shapes":[{"ty":"gr","it":[{"ind":0,"ty":"sh","ix":1,"ks":{"a":0,"k":{"i":[[0,-2.588],[0,0],[2.588,0],[0,0],[0,2.588],[0,0],[-2.588,0],[0,0]],"o":[[0,0],[0,2.588],[0,0],[-2.588,0],[0,0],[0,-2.588],[0,0],[2.588,0]],"v":[[14,-0.313],[14,0.314],[9.313,5],[-9.313,5],[-14,0.314],[-14,-0.313],[-9.313,-5],[9.313,-5]],"c":true},"ix":2},"nm":"Path 1","mn":"ADBE Vector Shape - Group","hd":false},{"ty":"fl","c":{"a":0,"k":[0.215690552955,0.501205564013,0.753956095378,1],"ix":4},"o":{"a":0,"k":100,"ix":5},"r":1,"bm":0,"nm":"Fill 1","mn":"ADBE Vector Graphic - Fill","hd":false},{"ty":"tr","p":{"a":0,"k":[0,0],"ix":2},"a":{"a":0,"k":[0,0],"ix":1},"s":{"a":0,"k":[100,100],"ix":3},"r":{"a":0,"k":0,"ix":6},"o":{"a":0,"k":100,"ix":7},"sk":{"a":0,"k":0,"ix":4},"sa":{"a":0,"k":0,"ix":5},"nm":"Transform"}],"nm":"Pill 1","np":2,"cix":2,"bm":0,"ix":1,"mn":"ADBE Vector Group","hd":false}],"ip":0,"op":181,"st":0,"bm":0},{"ddd":0,"ind":20,"ty":4,"nm":"pill 20","sr":1,"ks":{"o":{"a":0,"k":100,"ix":11},"r":{"a":1,"k":[{"i":{"x":[0.5],"y":[1]},"o":{"x":[0.5],"y":[0]},"t":24,"s":[0]},{"t":114,"s":[540]}],"ix":10},"p":{"a":0,"k":[118,85,0],"ix":2},"a":{"a":0,"k":[0,0,0],"ix":1},"s":{"a":0,"k":[100,100,100],"ix":6}},"ao":0,"shapes":[{"ty":"gr","it":[{"ind":0,"ty":"sh","ix":1,"ks":{"a":0,"k":{"i":[[0,-2.588],[0,0],[2.588,0],[0,0],[0,2.588],[0,0],[-2.588,0],[0,0]],"o":[[0,0],[0,2.588],[0,0],[-2.588,0],[0,0],[0,-2.588],[0,0],[2.588,0]],"v":[[14,-0.313],[14,0.314],[9.313,5],[-9.313,5],[-14,0.314],[-14,-0.313],[-9.313,-5],[9.313,-5]],"c":true},"ix":2},"nm":"Path 1","mn":"ADBE Vector Shape - Group","hd":false},{"ty":"fl","c":{"a":0,"k":[0.215690552955,0.501205564013,0.753956095378,1],"ix":4},"o":{"a":0,"k":100,"ix":5},"r":1,"bm":0,"nm":"Fill 1","mn":"ADBE Vector Graphic - Fill","hd":false},{"ty":"tr","p":{"a":0,"k":[0,0],"ix":2},"a":{"a":0,"k":[0,0],"ix":1},"s":{"a":0,"k":[100,100],"ix":3},"r":{"a":0,"k":0,"ix":6},"o":{"a":0,"k":100,"ix":7},"sk":{"a":0,"k":0,"ix":4},"sa":{"a":0,"k":0,"ix":5},"nm":"Transform"}],"nm":"Pill 1","np":2,"cix":2,"bm":0,"ix":1,"mn":"ADBE Vector Group","hd":false}],"ip":0,"op":181,"st":0,"bm":0},{"ddd":0,"ind":21,"ty":4,"nm":"pill 21","sr":1,"ks":{"o":{"a":0,"k":100,"ix":11},"r":{"a":1,"k":[{"i":{"x":[0.5],"y":[1]},"o":{"x":[0.5],"y":[0]},"t":28.801,"s":[0]},{"t":118.80078125,"s":[540]}],"ix":10},"p":{"a":0,"k":[151,85,0],"ix":2},"a":{"a":0,"k":[0,0,0],"ix":1},"s":{"a":0,"k":[100,100,100],"ix":6}},"ao":0,"shapes":[{"ty":"gr","it":[{"ind":0,"ty":"sh","ix":1,"ks":{"a":0,"k":{"i":[[0,-2.588],[0,0],[2.588,0],[0,0],[0,2.588],[0,0],[-2.588,0],[0,0]],"o":[[0,0],[0,2.588],[0,0],[-2.588,0],[0,0],[0,-2.588],[0,0],[2.588,0]],"v":[[14,-0.313],[14,0.314],[9.313,5],[-9.313,5],[-14,0.314],[-14,-0.313],[-9.313,-5],[9.313,-5]],"c":true},"ix":2},"nm":"Path 1","mn":"ADBE Vector Shape - Group","hd":false},{"ty":"fl","c":{"a":0,"k":[0.215690552955,0.501205564013,0.753956095378,1],"ix":4},"o":{"a":0,"k":100,"ix":5},"r":1,"bm":0,"nm":"Fill 1","mn":"ADBE Vector Graphic - Fill","hd":false},{"ty":"tr","p":{"a":0,"k":[0,0],"ix":2},"a":{"a":0,"k":[0,0],"ix":1},"s":{"a":0,"k":[100,100],"ix":3},"r":{"a":0,"k":0,"ix":6},"o":{"a":0,"k":100,"ix":7},"sk":{"a":0,"k":0,"ix":4},"sa":{"a":0,"k":0,"ix":5},"nm":"Transform"}],"nm":"Pill 1","np":2,"cix":2,"bm":0,"ix":1,"mn":"ADBE Vector Group","hd":false}],"ip":0,"op":181,"st":0,"bm":0},{"ddd":0,"ind":22,"ty":4,"nm":"pill 22","sr":1,"ks":{"o":{"a":0,"k":100,"ix":11},"r":{"a":1,"k":[{"i":{"x":[0.5],"y":[1]},"o":{"x":[0.5],"y":[0]},"t":33.6,"s":[0]},{"t":123.599609375,"s":[540]}],"ix":10},"p":{"a":0,"k":[184,85,0],"ix":2},"a":{"a":0,"k":[0,0,0],"ix":1},"s":{"a":0,"k":[100,100,100],"ix":6}},"ao":0,"shapes":[{"ty":"gr","it":[{"ind":0,"ty":"sh","ix":1,"ks":{"a":0,"k":{"i":[[0,-2.588],[0,0],[2.588,0],[0,0],[0,2.588],[0,0],[-2.588,0],[0,0]],"o":[[0,0],[0,2.588],[0,0],[-2.588,0],[0,0],[0,-2.588],[0,0],[2.588,0]],"v":[[14,-0.313],[14,0.314],[9.313,5],[-9.313,5],[-14,0.314],[-14,-0.313],[-9.313,-5],[9.313,-5]],"c":true},"ix":2},"nm":"Path 1","mn":"ADBE Vector Shape - Group","hd":false},{"ty":"fl","c":{"a":0,"k":[0.215690552955,0.501205564013,0.753956095378,1],"ix":4},"o":{"a":0,"k":100,"ix":5},"r":1,"bm":0,"nm":"Fill 1","mn":"ADBE Vector Graphic - Fill","hd":false},{"ty":"tr","p":{"a":0,"k":[0,0],"ix":2},"a":{"a":0,"k":[0,0],"ix":1},"s":{"a":0,"k":[100,100],"ix":3},"r":{"a":0,"k":0,"ix":6},"o":{"a":0,"k":100,"ix":7},"sk":{"a":0,"k":0,"ix":4},"sa":{"a":0,"k":0,"ix":5},"nm":"Transform"}],"nm":"Pill 1","np":2,"cix":2,"bm":0,"ix":1,"mn":"ADBE Vector Group","hd":false}],"ip":0,"op":181,"st":0,"bm":0},{"ddd":0,"ind":23,"ty":4,"nm":"pill 23","sr":1,"ks":{"o":{"a":0,"k":100,"ix":11},"r":{"a":1,"k":[{"i":{"x":[0.5],"y":[1]},"o":{"x":[0.5],"y":[0]},"t":38.4,"s":[0]},{"t":128.400390625,"s":[540]}],"ix":10},"p":{"a":0,"k":[217,85,0],"ix":2},"a":{"a":0,"k":[0,0,0],"ix":1},"s":{"a":0,"k":[100,100,100],"ix":6}},"ao":0,"shapes":[{"ty":"gr","it":[{"ind":0,"ty":"sh","ix":1,"ks":{"a":0,"k":{"i":[[0,-2.588],[0,0],[2.588,0],[0,0],[0,2.588],[0,0],[-2.588,0],[0,0]],"o":[[0,0],[0,2.588],[0,0],[-2.588,0],[0,0],[0,-2.588],[0,0],[2.588,0]],"v":[[14,-0.313],[14,0.314],[9.313,5],[-9.313,5],[-14,0.314],[-14,-0.313],[-9.313,-5],[9.313,-5]],"c":true},"ix":2},"nm":"Path 1","mn":"ADBE Vector Shape - Group","hd":false},{"ty":"fl","c":{"a":0,"k":[0.215690552955,0.501205564013,0.753956095378,1],"ix":4},"o":{"a":0,"k":100,"ix":5},"r":1,"bm":0,"nm":"Fill 1","mn":"ADBE Vector Graphic - Fill","hd":false},{"ty":"tr","p":{"a":0,"k":[0,0],"ix":2},"a":{"a":0,"k":[0,0],"ix":1},"s":{"a":0,"k":[100,100],"ix":3},"r":{"a":0,"k":0,"ix":6},"o":{"a":0,"k":100,"ix":7},"sk":{"a":0,"k":0,"ix":4},"sa":{"a":0,"k":0,"ix":5},"nm":"Transform"}],"nm":"Pill 1","np":2,"cix":2,"bm":0,"ix":1,"mn":"ADBE Vector Group","hd":false}],"ip":0,"op":181,"st":0,"bm":0},{"ddd":0,"ind":24,"ty":4,"nm":"pill 24","sr":1,"ks":{"o":{"a":0,"k":100,"ix":11},"r":{"a":1,"k":[{"i":{"x":[0.5],"y":[1]},"o":{"x":[0.5],"y":[0]},"t":43.199,"s":[0]},{"t":133.19921875,"s":[540]}],"ix":10},"p":{"a":0,"k":[250,85,0],"ix":2},"a":{"a":0,"k":[0,0,0],"ix":1},"s":{"a":0,"k":[100,100,100],"ix":6}},"ao":0,"shapes":[{"ty":"gr","it":[{"ind":0,"ty":"sh","ix":1,"ks":{"a":0,"k":{"i":[[0,-2.588],[0,0],[2.588,0],[0,0],[0,2.588],[0,0],[-2.588,0],[0,0]],"o":[[0,0],[0,2.588],[0,0],[-2.588,0],[0,0],[0,-2.588],[0,0],[2.588,0]],"v":[[14,-0.313],[14,0.314],[9.313,5],[-9.313,5],[-14,0.314],[-14,-0.313],[-9.313,-5],[9.313,-5]],"c":true},"ix":2},"nm":"Path 1","mn":"ADBE Vector Shape - Group","hd":false},{"ty":"fl","c":{"a":0,"k":[0.215690552955,0.501205564013,0.753956095378,1],"ix":4},"o":{"a":0,"k":100,"ix":5},"r":1,"bm":0,"nm":"Fill 1","mn":"ADBE Vector Graphic - Fill","hd":false},{"ty":"tr","p":{"a":0,"k":[0,0],"ix":2},"a":{"a":0,"k":[0,0],"ix":1},"s":{"a":0,"k":[100,100],"ix":3},"r":{"a":0,"k":0,"ix":6},"o":{"a":0,"k":100,"ix":7},"sk":{"a":0,"k":0,"ix":4},"sa":{"a":0,"k":0,"ix":5},"nm":"Transform"}],"nm":"Pill 1","np":2,"cix":2,"bm":0,"ix":1,"mn":"ADBE Vector Group","hd":false}],"ip":0,"op":181,"st":0,"bm":0},{"ddd":0,"ind":25,"ty":4,"nm":"pill 25","sr":1,"ks":{"o":{"a":0,"k":100,"ix":11},"r":{"a":1,"k":[{"i":{"x":[0.5],"y":[1]},"o":{"x":[0.5],"y":[0]},"t":14.4,"s":[0]},{"t":104.400390625,"s":[540]}],"ix":10},"p":{"a":0,"k":[19,118,0],"ix":2},"a":{"a":0,"k":[0,0,0],"ix":1},"s":{"a":0,"k":[100,100,100],"ix":6}},"ao":0,"shapes":[{"ty":"gr","it":[{"ind":0,"ty":"sh","ix":1,"ks":{"a":0,"k":{"i":[[0,-2.588],[0,0],[2.588,0],[0,0],[0,2.588],[0,0],[-2.588,0],[0,0]],"o":[[0,0],[0,2.588],[0,0],[-2.588,0],[0,0],[0,-2.588],[0,0],[2.588,0]],"v":[[14,-0.313],[14,0.314],[9.313,5],[-9.313,5],[-14,0.314],[-14,-0.313],[-9.313,-5],[9.313,-5]],"c":true},"ix":2},"nm":"Path 1","mn":"ADBE Vector Shape - Group","hd":false},{"ty":"fl","c":{"a":0,"k":[0.215690552955,0.501205564013,0.753956095378,1],"ix":4},"o":{"a":0,"k":100,"ix":5},"r":1,"bm":0,"nm":"Fill 1","mn":"ADBE Vector Graphic - Fill","hd":false},{"ty":"tr","p":{"a":0,"k":[0,0],"ix":2},"a":{"a":0,"k":[0,0],"ix":1},"s":{"a":0,"k":[100,100],"ix":3},"r":{"a":0,"k":0,"ix":6},"o":{"a":0,"k":100,"ix":7},"sk":{"a":0,"k":0,"ix":4},"sa":{"a":0,"k":0,"ix":5},"nm":"Transform"}],"nm":"Pill 1","np":2,"cix":2,"bm":0,"ix":1,"mn":"ADBE Vector Group","hd":false}],"ip":0,"op":181,"st":0,"bm":0},{"ddd":0,"ind":26,"ty":4,"nm":"pill 26","sr":1,"ks":{"o":{"a":0,"k":100,"ix":11},"r":{"a":1,"k":[{"i":{"x":[0.5],"y":[1]},"o":{"x":[0.5],"y":[0]},"t":19.199,"s":[0]},{"t":109.19921875,"s":[540]}],"ix":10},"p":{"a":0,"k":[52,118,0],"ix":2},"a":{"a":0,"k":[0,0,0],"ix":1},"s":{"a":0,"k":[100,100,100],"ix":6}},"ao":0,"shapes":[{"ty":"gr","it":[{"ind":0,"ty":"sh","ix":1,"ks":{"a":0,"k":{"i":[[0,-2.588],[0,0],[2.588,0],[0,0],[0,2.588],[0,0],[-2.588,0],[0,0]],"o":[[0,0],[0,2.588],[0,0],[-2.588,0],[0,0],[0,-2.588],[0,0],[2.588,0]],"v":[[14,-0.313],[14,0.314],[9.313,5],[-9.313,5],[-14,0.314],[-14,-0.313],[-9.313,-5],[9.313,-5]],"c":true},"ix":2},"nm":"Path 1","mn":"ADBE Vector Shape - Group","hd":false},{"ty":"fl","c":{"a":0,"k":[0.215690552955,0.501205564013,0.753956095378,1],"ix":4},"o":{"a":0,"k":100,"ix":5},"r":1,"bm":0,"nm":"Fill 1","mn":"ADBE Vector Graphic - Fill","hd":false},{"ty":"tr","p":{"a":0,"k":[0,0],"ix":2},"a":{"a":0,"k":[0,0],"ix":1},"s":{"a":0,"k":[100,100],"ix":3},"r":{"a":0,"k":0,"ix":6},"o":{"a":0,"k":100,"ix":7},"sk":{"a":0,"k":0,"ix":4},"sa":{"a":0,"k":0,"ix":5},"nm":"Transform"}],"nm":"Pill 1","np":2,"cix":2,"bm":0,"ix":1,"mn":"ADBE Vector Group","hd":false}],"ip":0,"op":181,"st":0,"bm":0},{"ddd":0,"ind":27,"ty":4,"nm":"pill 27","sr":1,"ks":{"o":{"a":0,"k":100,"ix":11},"r":{"a":1,"k":[{"i":{"x":[0.5],"y":[1]},"o":{"x":[0.5],"y":[0]},"t":24,"s":[0]},{"t":114,"s":[540]}],"ix":10},"p":{"a":0,"k":[85,118,0],"ix":2},"a":{"a":0,"k":[0,0,0],"ix":1},"s":{"a":0,"k":[100,100,100],"ix":6}},"ao":0,"shapes":[{"ty":"gr","it":[{"ind":0,"ty":"sh","ix":1,"ks":{"a":0,"k":{"i":[[0,-2.588],[0,0],[2.588,0],[0,0],[0,2.588],[0,0],[-2.588,0],[0,0]],"o":[[0,0],[0,2.588],[0,0],[-2.588,0],[0,0],[0,-2.588],[0,0],[2.588,0]],"v":[[14,-0.313],[14,0.314],[9.313,5],[-9.313,5],[-14,0.314],[-14,-0.313],[-9.313,-5],[9.313,-5]],"c":true},"ix":2},"nm":"Path 1","mn":"ADBE Vector Shape - Group","hd":false},{"ty":"fl","c":{"a":0,"k":[0.215690552955,0.501205564013,0.753956095378,1],"ix":4},"o":{"a":0,"k":100,"ix":5},"r":1,"bm":0,"nm":"Fill 1","mn":"ADBE Vector Graphic - Fill","hd":false},{"ty":"tr","p":{"a":0,"k":[0,0],"ix":2},"a":{"a":0,"k":[0,0],"ix":1},"s":{"a":0,"k":[100,100],"ix":3},"r":{"a":0,"k":0,"ix":6},"o":{"a":0,"k":100,"ix":7},"sk":{"a":0,"k":0,"ix":4},"sa":{"a":0,"k":0,"ix":5},"nm":"Transform"}],"nm":"Pill 1","np":2,"cix":2,"bm":0,"ix":1,"mn":"ADBE Vector Group","hd":false}],"ip":0,"op":181,"st":0,"bm":0},{"ddd":0,"ind":28,"ty":4,"nm":"pill 28","sr":1,"ks":{"o":{"a":0,"k":100,"ix":11},"r":{"a":1,"k":[{"i":{"x":[0.5],"y":[1]},"o":{"x":[0.5],"y":[0]},"t":28.801,"s":[0]},{"t":118.80078125,"s":[540]}],"ix":10},"p":{"a":0,"k":[118,118,0],"ix":2},"a":{"a":0,"k":[0,0,0],"ix":1},"s":{"a":0,"k":[100,100,100],"ix":6}},"ao":0,"shapes":[{"ty":"gr","it":[{"ind":0,"ty":"sh","ix":1,"ks":{"a":0,"k":{"i":[[0,-2.588],[0,0],[2.588,0],[0,0],[0,2.588],[0,0],[-2.588,0],[0,0]],"o":[[0,0],[0,2.588],[0,0],[-2.588,0],[0,0],[0,-2.588],[0,0],[2.588,0]],"v":[[14,-0.313],[14,0.314],[9.313,5],[-9.313,5],[-14,0.314],[-14,-0.313],[-9.313,-5],[9.313,-5]],"c":true},"ix":2},"nm":"Path 1","mn":"ADBE Vector Shape - Group","hd":false},{"ty":"fl","c":{"a":0,"k":[0.215690552955,0.501205564013,0.753956095378,1],"ix":4},"o":{"a":0,"k":100,"ix":5},"r":1,"bm":0,"nm":"Fill 1","mn":"ADBE Vector Graphic - Fill","hd":false},{"ty":"tr","p":{"a":0,"k":[0,0],"ix":2},"a":{"a":0,"k":[0,0],"ix":1},"s":{"a":0,"k":[100,100],"ix":3},"r":{"a":0,"k":0,"ix":6},"o":{"a":0,"k":100,"ix":7},"sk":{"a":0,"k":0,"ix":4},"sa":{"a":0,"k":0,"ix":5},"nm":"Transform"}],"nm":"Pill 1","np":2,"cix":2,"bm":0,"ix":1,"mn":"ADBE Vector Group","hd":false}],"ip":0,"op":181,"st":0,"bm":0},{"ddd":0,"ind":29,"ty":4,"nm":"pill 29","sr":1,"ks":{"o":{"a":0,"k":100,"ix":11},"r":{"a":1,"k":[{"i":{"x":[0.5],"y":[1]},"o":{"x":[0.5],"y":[0]},"t":33.6,"s":[0]},{"t":123.599609375,"s":[540]}],"ix":10},"p":{"a":0,"k":[151,118,0],"ix":2},"a":{"a":0,"k":[0,0,0],"ix":1},"s":{"a":0,"k":[100,100,100],"ix":6}},"ao":0,"shapes":[{"ty":"gr","it":[{"ind":0,"ty":"sh","ix":1,"ks":{"a":0,"k":{"i":[[0,-2.588],[0,0],[2.588,0],[0,0],[0,2.588],[0,0],[-2.588,0],[0,0]],"o":[[0,0],[0,2.588],[0,0],[-2.588,0],[0,0],[0,-2.588],[0,0],[2.588,0]],"v":[[14,-0.313],[14,0.314],[9.313,5],[-9.313,5],[-14,0.314],[-14,-0.313],[-9.313,-5],[9.313,-5]],"c":true},"ix":2},"nm":"Path 1","mn":"ADBE Vector Shape - Group","hd":false},{"ty":"fl","c":{"a":0,"k":[0.215690552955,0.501205564013,0.753956095378,1],"ix":4},"o":{"a":0,"k":100,"ix":5},"r":1,"bm":0,"nm":"Fill 1","mn":"ADBE Vector Graphic - Fill","hd":false},{"ty":"tr","p":{"a":0,"k":[0,0],"ix":2},"a":{"a":0,"k":[0,0],"ix":1},"s":{"a":0,"k":[100,100],"ix":3},"r":{"a":0,"k":0,"ix":6},"o":{"a":0,"k":100,"ix":7},"sk":{"a":0,"k":0,"ix":4},"sa":{"a":0,"k":0,"ix":5},"nm":"Transform"}],"nm":"Pill 1","np":2,"cix":2,"bm":0,"ix":1,"mn":"ADBE Vector Group","hd":false}],"ip":0,"op":181,"st":0,"bm":0},{"ddd":0,"ind":30,"ty":4,"nm":"pill 30","sr":1,"ks":{"o":{"a":0,"k":100,"ix":11},"r":{"a":1,"k":[{"i":{"x":[0.5],"y":[1]},"o":{"x":[0.5],"y":[0]},"t":38.4,"s":[0]},{"t":128.400390625,"s":[540]}],"ix":10},"p":{"a":0,"k":[184,118,0],"ix":2},"a":{"a":0,"k":[0,0,0],"ix":1},"s":{"a":0,"k":[100,100,100],"ix":6}},"ao":0,"shapes":[{"ty":"gr","it":[{"ind":0,"ty":"sh","ix":1,"ks":{"a":0,"k":{"i":[[0,-2.588],[0,0],[2.588,0],[0,0],[0,2.588],[0,0],[-2.588,0],[0,0]],"o":[[0,0],[0,2.588],[0,0],[-2.588,0],[0,0],[0,-2.588],[0,0],[2.588,0]],"v":[[14,-0.313],[14,0.314],[9.313,5],[-9.313,5],[-14,0.314],[-14,-0.313],[-9.313,-5],[9.313,-5]],"c":true},"ix":2},"nm":"Path 1","mn":"ADBE Vector Shape - Group","hd":false},{"ty":"fl","c":{"a":0,"k":[0.215690552955,0.501205564013,0.753956095378,1],"ix":4},"o":{"a":0,"k":100,"ix":5},"r":1,"bm":0,"nm":"Fill 1","mn":"ADBE Vector Graphic - Fill","hd":false},{"ty":"tr","p":{"a":0,"k":[0,0],"ix":2},"a":{"a":0,"k":[0,0],"ix":1},"s":{"a":0,"k":[100,100],"ix":3},"r":{"a":0,"k":0,"ix":6},"o":{"a":0,"k":100,"ix":7},"sk":{"a":0,"k":0,"ix":4},"sa":{"a":0,"k":0,"ix":5},"nm":"Transform"}],"nm":"Pill 1","np":2,"cix":2,"bm":0,"ix":1,"mn":"ADBE Vector Group","hd":false}],"ip":0,"op":181,"st":0,"bm":0},{"ddd":0,"ind":31,"ty":4,"nm":"pill 31","sr":1,"ks":{"o":{"a":0,"k":100,"ix":11},"r":{"a":1,"k":[{"i":{"x":[0.5],"y":[1]},"o":{"x":[0.5],"y":[0]},"t":43.199,"s":[0]},{"t":133.19921875,"s":[540]}],"ix":10},"p":{"a":0,"k":[217,118,0],"ix":2},"a":{"a":0,"k":[0,0,0],"ix":1},"s":{"a":0,"k":[100,100,100],"ix":6}},"ao":0,"shapes":[{"ty":"gr","it":[{"ind":0,"ty":"sh","ix":1,"ks":{"a":0,"k":{"i":[[0,-2.588],[0,0],[2.588,0],[0,0],[0,2.588],[0,0],[-2.588,0],[0,0]],"o":[[0,0],[0,2.588],[0,0],[-2.588,0],[0,0],[0,-2.588],[0,0],[2.588,0]],"v":[[14,-0.313],[14,0.314],[9.313,5],[-9.313,5],[-14,0.314],[-14,-0.313],[-9.313,-5],[9.313,-5]],"c":true},"ix":2},"nm":"Path 1","mn":"ADBE Vector Shape - Group","hd":false},{"ty":"fl","c":{"a":0,"k":[0.215690552955,0.501205564013,0.753956095378,1],"ix":4},"o":{"a":0,"k":100,"ix":5},"r":1,"bm":0,"nm":"Fill 1","mn":"ADBE Vector Graphic - Fill","hd":false},{"ty":"tr","p":{"a":0,"k":[0,0],"ix":2},"a":{"a":0,"k":[0,0],"ix":1},"s":{"a":0,"k":[100,100],"ix":3},"r":{"a":0,"k":0,"ix":6},"o":{"a":0,"k":100,"ix":7},"sk":{"a":0,"k":0,"ix":4},"sa":{"a":0,"k":0,"ix":5},"nm":"Transform"}],"nm":"Pill 1","np":2,"cix":2,"bm":0,"ix":1,"mn":"ADBE Vector Group","hd":false}],"ip":0,"op":181,"st":0,"bm":0},{"ddd":0,"ind":32,"ty":4,"nm":"pill 32","sr":1,"ks":{"o":{"a":0,"k":100,"ix":11},"r":{"a":1,"k":[{"i":{"x":[0.5],"y":[1]},"o":{"x":[0.5],"y":[0]},"t":48,"s":[0]},{"t":138,"s":[540]}],"ix":10},"p":{"a":0,"k":[250,118,0],"ix":2},"a":{"a":0,"k":[0,0,0],"ix":1},"s":{"a":0,"k":[100,100,100],"ix":6}},"ao":0,"shapes":[{"ty":"gr","it":[{"ind":0,"ty":"sh","ix":1,"ks":{"a":0,"k":{"i":[[0,-2.588],[0,0],[2.588,0],[0,0],[0,2.588],[0,0],[-2.588,0],[0,0]],"o":[[0,0],[0,2.588],[0,0],[-2.588,0],[0,0],[0,-2.588],[0,0],[2.588,0]],"v":[[14,-0.313],[14,0.314],[9.313,5],[-9.313,5],[-14,0.314],[-14,-0.313],[-9.313,-5],[9.313,-5]],"c":true},"ix":2},"nm":"Path 1","mn":"ADBE Vector Shape - Group","hd":false},{"ty":"fl","c":{"a":0,"k":[0.215690552955,0.501205564013,0.753956095378,1],"ix":4},"o":{"a":0,"k":100,"ix":5},"r":1,"bm":0,"nm":"Fill 1","mn":"ADBE Vector Graphic - Fill","hd":false},{"ty":"tr","p":{"a":0,"k":[0,0],"ix":2},"a":{"a":0,"k":[0,0],"ix":1},"s":{"a":0,"k":[100,100],"ix":3},"r":{"a":0,"k":0,"ix":6},"o":{"a":0,"k":100,"ix":7},"sk":{"a":0,"k":0,"ix":4},"sa":{"a":0,"k":0,"ix":5},"nm":"Transform"}],"nm":"Pill 1","np":2,"cix":2,"bm":0,"ix":1,"mn":"ADBE Vector Group","hd":false}],"ip":0,"op":181,"st":0,"bm":0},{"ddd":0,"ind":33,"ty":4,"nm":"pill 33","sr":1,"ks":{"o":{"a":0,"k":100,"ix":11},"r":{"a":1,"k":[{"i":{"x":[0.5],"y":[1]},"o":{"x":[0.5],"y":[0]},"t":19.199,"s":[0]},{"t":109.19921875,"s":[540]}],"ix":10},"p":{"a":0,"k":[19,151,0],"ix":2},"a":{"a":0,"k":[0,0,0],"ix":1},"s":{"a":0,"k":[100,100,100],"ix":6}},"ao":0,"shapes":[{"ty":"gr","it":[{"ind":0,"ty":"sh","ix":1,"ks":{"a":0,"k":{"i":[[0,-2.588],[0,0],[2.588,0],[0,0],[0,2.588],[0,0],[-2.588,0],[0,0]],"o":[[0,0],[0,2.588],[0,0],[-2.588,0],[0,0],[0,-2.588],[0,0],[2.588,0]],"v":[[14,-0.313],[14,0.314],[9.313,5],[-9.313,5],[-14,0.314],[-14,-0.313],[-9.313,-5],[9.313,-5]],"c":true},"ix":2},"nm":"Path 1","mn":"ADBE Vector Shape - Group","hd":false},{"ty":"fl","c":{"a":0,"k":[0.215690552955,0.501205564013,0.753956095378,1],"ix":4},"o":{"a":0,"k":100,"ix":5},"r":1,"bm":0,"nm":"Fill 1","mn":"ADBE Vector Graphic - Fill","hd":false},{"ty":"tr","p":{"a":0,"k":[0,0],"ix":2},"a":{"a":0,"k":[0,0],"ix":1},"s":{"a":0,"k":[100,100],"ix":3},"r":{"a":0,"k":0,"ix":6},"o":{"a":0,"k":100,"ix":7},"sk":{"a":0,"k":0,"ix":4},"sa":{"a":0,"k":0,"ix":5},"nm":"Transform"}],"nm":"Pill 1","np":2,"cix":2,"bm":0,"ix":1,"mn":"ADBE Vector Group","hd":false}],"ip":0,"op":181,"st":0,"bm":0},{"ddd":0,"ind":34,"ty":4,"nm":"pill 34","sr":1,"ks":{"o":{"a":0,"k":100,"ix":11},"r":{"a":1,"k":[{"i":{"x":[0.5],"y":[1]},"o":{"x":[0.5],"y":[0]},"t":24,"s":[0]},{"t":114,"s":[540]}],"ix":10},"p":{"a":0,"k":[52,151,0],"ix":2},"a":{"a":0,"k":[0,0,0],"ix":1},"s":{"a":0,"k":[100,100,100],"ix":6}},"ao":0,"shapes":[{"ty":"gr","it":[{"ind":0,"ty":"sh","ix":1,"ks":{"a":0,"k":{"i":[[0,-2.588],[0,0],[2.588,0],[0,0],[0,2.588],[0,0],[-2.588,0],[0,0]],"o":[[0,0],[0,2.588],[0,0],[-2.588,0],[0,0],[0,-2.588],[0,0],[2.588,0]],"v":[[14,-0.313],[14,0.314],[9.313,5],[-9.313,5],[-14,0.314],[-14,-0.313],[-9.313,-5],[9.313,-5]],"c":true},"ix":2},"nm":"Path 1","mn":"ADBE Vector Shape - Group","hd":false},{"ty":"fl","c":{"a":0,"k":[0.215690552955,0.501205564013,0.753956095378,1],"ix":4},"o":{"a":0,"k":100,"ix":5},"r":1,"bm":0,"nm":"Fill 1","mn":"ADBE Vector Graphic - Fill","hd":false},{"ty":"tr","p":{"a":0,"k":[0,0],"ix":2},"a":{"a":0,"k":[0,0],"ix":1},"s":{"a":0,"k":[100,100],"ix":3},"r":{"a":0,"k":0,"ix":6},"o":{"a":0,"k":100,"ix":7},"sk":{"a":0,"k":0,"ix":4},"sa":{"a":0,"k":0,"ix":5},"nm":"Transform"}],"nm":"Pill 1","np":2,"cix":2,"bm":0,"ix":1,"mn":"ADBE Vector Group","hd":false}],"ip":0,"op":181,"st":0,"bm":0},{"ddd":0,"ind":35,"ty":4,"nm":"pill 35","sr":1,"ks":{"o":{"a":0,"k":100,"ix":11},"r":{"a":1,"k":[{"i":{"x":[0.5],"y":[1]},"o":{"x":[0.5],"y":[0]},"t":28.801,"s":[0]},{"t":118.80078125,"s":[540]}],"ix":10},"p":{"a":0,"k":[85,151,0],"ix":2},"a":{"a":0,"k":[0,0,0],"ix":1},"s":{"a":0,"k":[100,100,100],"ix":6}},"ao":0,"shapes":[{"ty":"gr","it":[{"ind":0,"ty":"sh","ix":1,"ks":{"a":0,"k":{"i":[[0,-2.588],[0,0],[2.588,0],[0,0],[0,2.588],[0,0],[-2.588,0],[0,0]],"o":[[0,0],[0,2.588],[0,0],[-2.588,0],[0,0],[0,-2.588],[0,0],[2.588,0]],"v":[[14,-0.313],[14,0.314],[9.313,5],[-9.313,5],[-14,0.314],[-14,-0.313],[-9.313,-5],[9.313,-5]],"c":true},"ix":2},"nm":"Path 1","mn":"ADBE Vector Shape - Group","hd":false},{"ty":"fl","c":{"a":0,"k":[0.215690552955,0.501205564013,0.753956095378,1],"ix":4},"o":{"a":0,"k":100,"ix":5},"r":1,"bm":0,"nm":"Fill 1","mn":"ADBE Vector Graphic - Fill","hd":false},{"ty":"tr","p":{"a":0,"k":[0,0],"ix":2},"a":{"a":0,"k":[0,0],"ix":1},"s":{"a":0,"k":[100,100],"ix":3},"r":{"a":0,"k":0,"ix":6},"o":{"a":0,"k":100,"ix":7},"sk":{"a":0,"k":0,"ix":4},"sa":{"a":0,"k":0,"ix":5},"nm":"Transform"}],"nm":"Pill 1","np":2,"cix":2,"bm":0,"ix":1,"mn":"ADBE Vector Group","hd":false}],"ip":0,"op":181,"st":0,"bm":0},{"ddd":0,"ind":36,"ty":4,"nm":"pill 36","sr":1,"ks":{"o":{"a":0,"k":100,"ix":11},"r":{"a":1,"k":[{"i":{"x":[0.5],"y":[1]},"o":{"x":[0.5],"y":[0]},"t":33.6,"s":[0]},{"t":123.599609375,"s":[540]}],"ix":10},"p":{"a":0,"k":[118,151,0],"ix":2},"a":{"a":0,"k":[0,0,0],"ix":1},"s":{"a":0,"k":[100,100,100],"ix":6}},"ao":0,"shapes":[{"ty":"gr","it":[{"ind":0,"ty":"sh","ix":1,"ks":{"a":0,"k":{"i":[[0,-2.588],[0,0],[2.588,0],[0,0],[0,2.588],[0,0],[-2.588,0],[0,0]],"o":[[0,0],[0,2.588],[0,0],[-2.588,0],[0,0],[0,-2.588],[0,0],[2.588,0]],"v":[[14,-0.313],[14,0.314],[9.313,5],[-9.313,5],[-14,0.314],[-14,-0.313],[-9.313,-5],[9.313,-5]],"c":true},"ix":2},"nm":"Path 1","mn":"ADBE Vector Shape - Group","hd":false},{"ty":"fl","c":{"a":0,"k":[0.215690552955,0.501205564013,0.753956095378,1],"ix":4},"o":{"a":0,"k":100,"ix":5},"r":1,"bm":0,"nm":"Fill 1","mn":"ADBE Vector Graphic - Fill","hd":false},{"ty":"tr","p":{"a":0,"k":[0,0],"ix":2},"a":{"a":0,"k":[0,0],"ix":1},"s":{"a":0,"k":[100,100],"ix":3},"r":{"a":0,"k":0,"ix":6},"o":{"a":0,"k":100,"ix":7},"sk":{"a":0,"k":0,"ix":4},"sa":{"a":0,"k":0,"ix":5},"nm":"Transform"}],"nm":"Pill 1","np":2,"cix":2,"bm":0,"ix":1,"mn":"ADBE Vector Group","hd":false}],"ip":0,"op":181,"st":0,"bm":0},{"ddd":0,"ind":37,"ty":4,"nm":"pill 37","sr":1,"ks":{"o":{"a":0,"k":100,"ix":11},"r":{"a":1,"k":[{"i":{"x":[0.5],"y":[1]},"o":{"x":[0.5],"y":[0]},"t":38.4,"s":[0]},{"t":128.400390625,"s":[540]}],"ix":10},"p":{"a":0,"k":[151,151,0],"ix":2},"a":{"a":0,"k":[0,0,0],"ix":1},"s":{"a":0,"k":[100,100,100],"ix":6}},"ao":0,"shapes":[{"ty":"gr","it":[{"ind":0,"ty":"sh","ix":1,"ks":{"a":0,"k":{"i":[[0,-2.588],[0,0],[2.588,0],[0,0],[0,2.588],[0,0],[-2.588,0],[0,0]],"o":[[0,0],[0,2.588],[0,0],[-2.588,0],[0,0],[0,-2.588],[0,0],[2.588,0]],"v":[[14,-0.313],[14,0.314],[9.313,5],[-9.313,5],[-14,0.314],[-14,-0.313],[-9.313,-5],[9.313,-5]],"c":true},"ix":2},"nm":"Path 1","mn":"ADBE Vector Shape - Group","hd":false},{"ty":"fl","c":{"a":0,"k":[0.215690552955,0.501205564013,0.753956095378,1],"ix":4},"o":{"a":0,"k":100,"ix":5},"r":1,"bm":0,"nm":"Fill 1","mn":"ADBE Vector Graphic - Fill","hd":false},{"ty":"tr","p":{"a":0,"k":[0,0],"ix":2},"a":{"a":0,"k":[0,0],"ix":1},"s":{"a":0,"k":[100,100],"ix":3},"r":{"a":0,"k":0,"ix":6},"o":{"a":0,"k":100,"ix":7},"sk":{"a":0,"k":0,"ix":4},"sa":{"a":0,"k":0,"ix":5},"nm":"Transform"}],"nm":"Pill 1","np":2,"cix":2,"bm":0,"ix":1,"mn":"ADBE Vector Group","hd":false}],"ip":0,"op":181,"st":0,"bm":0},{"ddd":0,"ind":38,"ty":4,"nm":"pill 38","sr":1,"ks":{"o":{"a":0,"k":100,"ix":11},"r":{"a":1,"k":[{"i":{"x":[0.5],"y":[1]},"o":{"x":[0.5],"y":[0]},"t":43.199,"s":[0]},{"t":133.19921875,"s":[540]}],"ix":10},"p":{"a":0,"k":[184,151,0],"ix":2},"a":{"a":0,"k":[0,0,0],"ix":1},"s":{"a":0,"k":[100,100,100],"ix":6}},"ao":0,"shapes":[{"ty":"gr","it":[{"ind":0,"ty":"sh","ix":1,"ks":{"a":0,"k":{"i":[[0,-2.588],[0,0],[2.588,0],[0,0],[0,2.588],[0,0],[-2.588,0],[0,0]],"o":[[0,0],[0,2.588],[0,0],[-2.588,0],[0,0],[0,-2.588],[0,0],[2.588,0]],"v":[[14,-0.313],[14,0.314],[9.313,5],[-9.313,5],[-14,0.314],[-14,-0.313],[-9.313,-5],[9.313,-5]],"c":true},"ix":2},"nm":"Path 1","mn":"ADBE Vector Shape - Group","hd":false},{"ty":"fl","c":{"a":0,"k":[0.215690552955,0.501205564013,0.753956095378,1],"ix":4},"o":{"a":0,"k":100,"ix":5},"r":1,"bm":0,"nm":"Fill 1","mn":"ADBE Vector Graphic - Fill","hd":false},{"ty":"tr","p":{"a":0,"k":[0,0],"ix":2},"a":{"a":0,"k":[0,0],"ix":1},"s":{"a":0,"k":[100,100],"ix":3},"r":{"a":0,"k":0,"ix":6},"o":{"a":0,"k":100,"ix":7},"sk":{"a":0,"k":0,"ix":4},"sa":{"a":0,"k":0,"ix":5},"nm":"Transform"}],"nm":"Pill 1","np":2,"cix":2,"bm":0,"ix":1,"mn":"ADBE Vector Group","hd":false}],"ip":0,"op":181,"st":0,"bm":0},{"ddd":0,"ind":39,"ty":4,"nm":"pill 39","sr":1,"ks":{"o":{"a":0,"k":100,"ix":11},"r":{"a":1,"k":[{"i":{"x":[0.5],"y":[1]},"o":{"x":[0.5],"y":[0]},"t":48,"s":[0]},{"t":138,"s":[540]}],"ix":10},"p":{"a":0,"k":[217,151,0],"ix":2},"a":{"a":0,"k":[0,0,0],"ix":1},"s":{"a":0,"k":[100,100,100],"ix":6}},"ao":0,"shapes":[{"ty":"gr","it":[{"ind":0,"ty":"sh","ix":1,"ks":{"a":0,"k":{"i":[[0,-2.588],[0,0],[2.588,0],[0,0],[0,2.588],[0,0],[-2.588,0],[0,0]],"o":[[0,0],[0,2.588],[0,0],[-2.588,0],[0,0],[0,-2.588],[0,0],[2.588,0]],"v":[[14,-0.313],[14,0.314],[9.313,5],[-9.313,5],[-14,0.314],[-14,-0.313],[-9.313,-5],[9.313,-5]],"c":true},"ix":2},"nm":"Path 1","mn":"ADBE Vector Shape - Group","hd":false},{"ty":"fl","c":{"a":0,"k":[0.215690552955,0.501205564013,0.753956095378,1],"ix":4},"o":{"a":0,"k":100,"ix":5},"r":1,"bm":0,"nm":"Fill 1","mn":"ADBE Vector Graphic - Fill","hd":false},{"ty":"tr","p":{"a":0,"k":[0,0],"ix":2},"a":{"a":0,"k":[0,0],"ix":1},"s":{"a":0,"k":[100,100],"ix":3},"r":{"a":0,"k":0,"ix":6},"o":{"a":0,"k":100,"ix":7},"sk":{"a":0,"k":0,"ix":4},"sa":{"a":0,"k":0,"ix":5},"nm":"Transform"}],"nm":"Pill 1","np":2,"cix":2,"bm":0,"ix":1,"mn":"ADBE Vector Group","hd":false}],"ip":0,"op":181,"st":0,"bm":0},{"ddd":0,"ind":40,"ty":4,"nm":"pill 40","sr":1,"ks":{"o":{"a":0,"k":100,"ix":11},"r":{"a":1,"k":[{"i":{"x":[0.5],"y":[1]},"o":{"x":[0.5],"y":[0]},"t":52.801,"s":[0]},{"t":142.80078125,"s":[540]}],"ix":10},"p":{"a":0,"k":[250,151,0],"ix":2},"a":{"a":0,"k":[0,0,0],"ix":1},"s":{"a":0,"k":[100,100,100],"ix":6}},"ao":0,"shapes":[{"ty":"gr","it":[{"ind":0,"ty":"sh","ix":1,"ks":{"a":0,"k":{"i":[[0,-2.588],[0,0],[2.588,0],[0,0],[0,2.588],[0,0],[-2.588,0],[0,0]],"o":[[0,0],[0,2.588],[0,0],[-2.588,0],[0,0],[0,-2.588],[0,0],[2.588,0]],"v":[[14,-0.313],[14,0.314],[9.313,5],[-9.313,5],[-14,0.314],[-14,-0.313],[-9.313,-5],[9.313,-5]],"c":true},"ix":2},"nm":"Path 1","mn":"ADBE Vector Shape - Group","hd":false},{"ty":"fl","c":{"a":0,"k":[0.215690552955,0.501205564013,0.753956095378,1],"ix":4},"o":{"a":0,"k":100,"ix":5},"r":1,"bm":0,"nm":"Fill 1","mn":"ADBE Vector Graphic - Fill","hd":false},{"ty":"tr","p":{"a":0,"k":[0,0],"ix":2},"a":{"a":0,"k":[0,0],"ix":1},"s":{"a":0,"k":[100,100],"ix":3},"r":{"a":0,"k":0,"ix":6},"o":{"a":0,"k":100,"ix":7},"sk":{"a":0,"k":0,"ix":4},"sa":{"a":0,"k":0,"ix":5},"nm":"Transform"}],"nm":"Pill 1","np":2,"cix":2,"bm":0,"ix":1,"mn":"ADBE Vector Group","hd":false}],"ip":0,"op":181,"st":0,"bm":0},{"ddd":0,"ind":41,"ty":4,"nm":"pill 41","sr":1,"ks":{"o":{"a":0,"k":100,"ix":11},"r":{"a":1,"k":[{"i":{"x":[0.5],"y":[1]},"o":{"x":[0.5],"y":[0]},"t":24,"s":[0]},{"t":114,"s":[540]}],"ix":10},"p":{"a":0,"k":[19,184,0],"ix":2},"a":{"a":0,"k":[0,0,0],"ix":1},"s":{"a":0,"k":[100,100,100],"ix":6}},"ao":0,"shapes":[{"ty":"gr","it":[{"ind":0,"ty":"sh","ix":1,"ks":{"a":0,"k":{"i":[[0,-2.588],[0,0],[2.588,0],[0,0],[0,2.588],[0,0],[-2.588,0],[0,0]],"o":[[0,0],[0,2.588],[0,0],[-2.588,0],[0,0],[0,-2.588],[0,0],[2.588,0]],"v":[[14,-0.313],[14,0.314],[9.313,5],[-9.313,5],[-14,0.314],[-14,-0.313],[-9.313,-5],[9.313,-5]],"c":true},"ix":2},"nm":"Path 1","mn":"ADBE Vector Shape - Group","hd":false},{"ty":"fl","c":{"a":0,"k":[0.215690552955,0.501205564013,0.753956095378,1],"ix":4},"o":{"a":0,"k":100,"ix":5},"r":1,"bm":0,"nm":"Fill 1","mn":"ADBE Vector Graphic - Fill","hd":false},{"ty":"tr","p":{"a":0,"k":[0,0],"ix":2},"a":{"a":0,"k":[0,0],"ix":1},"s":{"a":0,"k":[100,100],"ix":3},"r":{"a":0,"k":0,"ix":6},"o":{"a":0,"k":100,"ix":7},"sk":{"a":0,"k":0,"ix":4},"sa":{"a":0,"k":0,"ix":5},"nm":"Transform"}],"nm":"Pill 1","np":2,"cix":2,"bm":0,"ix":1,"mn":"ADBE Vector Group","hd":false}],"ip":0,"op":181,"st":0,"bm":0},{"ddd":0,"ind":42,"ty":4,"nm":"pill 42","sr":1,"ks":{"o":{"a":0,"k":100,"ix":11},"r":{"a":1,"k":[{"i":{"x":[0.5],"y":[1]},"o":{"x":[0.5],"y":[0]},"t":28.801,"s":[0]},{"t":118.80078125,"s":[540]}],"ix":10},"p":{"a":0,"k":[52,184,0],"ix":2},"a":{"a":0,"k":[0,0,0],"ix":1},"s":{"a":0,"k":[100,100,100],"ix":6}},"ao":0,"shapes":[{"ty":"gr","it":[{"ind":0,"ty":"sh","ix":1,"ks":{"a":0,"k":{"i":[[0,-2.588],[0,0],[2.588,0],[0,0],[0,2.588],[0,0],[-2.588,0],[0,0]],"o":[[0,0],[0,2.588],[0,0],[-2.588,0],[0,0],[0,-2.588],[0,0],[2.588,0]],"v":[[14,-0.313],[14,0.314],[9.313,5],[-9.313,5],[-14,0.314],[-14,-0.313],[-9.313,-5],[9.313,-5]],"c":true},"ix":2},"nm":"Path 1","mn":"ADBE Vector Shape - Group","hd":false},{"ty":"fl","c":{"a":0,"k":[0.215690552955,0.501205564013,0.753956095378,1],"ix":4},"o":{"a":0,"k":100,"ix":5},"r":1,"bm":0,"nm":"Fill 1","mn":"ADBE Vector Graphic - Fill","hd":false},{"ty":"tr","p":{"a":0,"k":[0,0],"ix":2},"a":{"a":0,"k":[0,0],"ix":1},"s":{"a":0,"k":[100,100],"ix":3},"r":{"a":0,"k":0,"ix":6},"o":{"a":0,"k":100,"ix":7},"sk":{"a":0,"k":0,"ix":4},"sa":{"a":0,"k":0,"ix":5},"nm":"Transform"}],"nm":"Pill 1","np":2,"cix":2,"bm":0,"ix":1,"mn":"ADBE Vector Group","hd":false}],"ip":0,"op":181,"st":0,"bm":0},{"ddd":0,"ind":43,"ty":4,"nm":"pill 43","sr":1,"ks":{"o":{"a":0,"k":100,"ix":11},"r":{"a":1,"k":[{"i":{"x":[0.5],"y":[1]},"o":{"x":[0.5],"y":[0]},"t":33.6,"s":[0]},{"t":123.599609375,"s":[540]}],"ix":10},"p":{"a":0,"k":[85,184,0],"ix":2},"a":{"a":0,"k":[0,0,0],"ix":1},"s":{"a":0,"k":[100,100,100],"ix":6}},"ao":0,"shapes":[{"ty":"gr","it":[{"ind":0,"ty":"sh","ix":1,"ks":{"a":0,"k":{"i":[[0,-2.588],[0,0],[2.588,0],[0,0],[0,2.588],[0,0],[-2.588,0],[0,0]],"o":[[0,0],[0,2.588],[0,0],[-2.588,0],[0,0],[0,-2.588],[0,0],[2.588,0]],"v":[[14,-0.313],[14,0.314],[9.313,5],[-9.313,5],[-14,0.314],[-14,-0.313],[-9.313,-5],[9.313,-5]],"c":true},"ix":2},"nm":"Path 1","mn":"ADBE Vector Shape - Group","hd":false},{"ty":"fl","c":{"a":0,"k":[0.215690552955,0.501205564013,0.753956095378,1],"ix":4},"o":{"a":0,"k":100,"ix":5},"r":1,"bm":0,"nm":"Fill 1","mn":"ADBE Vector Graphic - Fill","hd":false},{"ty":"tr","p":{"a":0,"k":[0,0],"ix":2},"a":{"a":0,"k":[0,0],"ix":1},"s":{"a":0,"k":[100,100],"ix":3},"r":{"a":0,"k":0,"ix":6},"o":{"a":0,"k":100,"ix":7},"sk":{"a":0,"k":0,"ix":4},"sa":{"a":0,"k":0,"ix":5},"nm":"Transform"}],"nm":"Pill 1","np":2,"cix":2,"bm":0,"ix":1,"mn":"ADBE Vector Group","hd":false}],"ip":0,"op":181,"st":0,"bm":0},{"ddd":0,"ind":44,"ty":4,"nm":"pill 44","sr":1,"ks":{"o":{"a":0,"k":100,"ix":11},"r":{"a":1,"k":[{"i":{"x":[0.5],"y":[1]},"o":{"x":[0.5],"y":[0]},"t":38.4,"s":[0]},{"t":128.400390625,"s":[540]}],"ix":10},"p":{"a":0,"k":[118,184,0],"ix":2},"a":{"a":0,"k":[0,0,0],"ix":1},"s":{"a":0,"k":[100,100,100],"ix":6}},"ao":0,"shapes":[{"ty":"gr","it":[{"ind":0,"ty":"sh","ix":1,"ks":{"a":0,"k":{"i":[[0,-2.588],[0,0],[2.588,0],[0,0],[0,2.588],[0,0],[-2.588,0],[0,0]],"o":[[0,0],[0,2.588],[0,0],[-2.588,0],[0,0],[0,-2.588],[0,0],[2.588,0]],"v":[[14,-0.313],[14,0.314],[9.313,5],[-9.313,5],[-14,0.314],[-14,-0.313],[-9.313,-5],[9.313,-5]],"c":true},"ix":2},"nm":"Path 1","mn":"ADBE Vector Shape - Group","hd":false},{"ty":"fl","c":{"a":0,"k":[0.215690552955,0.501205564013,0.753956095378,1],"ix":4},"o":{"a":0,"k":100,"ix":5},"r":1,"bm":0,"nm":"Fill 1","mn":"ADBE Vector Graphic - Fill","hd":false},{"ty":"tr","p":{"a":0,"k":[0,0],"ix":2},"a":{"a":0,"k":[0,0],"ix":1},"s":{"a":0,"k":[100,100],"ix":3},"r":{"a":0,"k":0,"ix":6},"o":{"a":0,"k":100,"ix":7},"sk":{"a":0,"k":0,"ix":4},"sa":{"a":0,"k":0,"ix":5},"nm":"Transform"}],"nm":"Pill 1","np":2,"cix":2,"bm":0,"ix":1,"mn":"ADBE Vector Group","hd":false}],"ip":0,"op":181,"st":0,"bm":0},{"ddd":0,"ind":45,"ty":4,"nm":"pill 45","sr":1,"ks":{"o":{"a":0,"k":100,"ix":11},"r":{"a":1,"k":[{"i":{"x":[0.5],"y":[1]},"o":{"x":[0.5],"y":[0]},"t":43.199,"s":[0]},{"t":133.19921875,"s":[540]}],"ix":10},"p":{"a":0,"k":[151,184,0],"ix":2},"a":{"a":0,"k":[0,0,0],"ix":1},"s":{"a":0,"k":[100,100,100],"ix":6}},"ao":0,"shapes":[{"ty":"gr","it":[{"ind":0,"ty":"sh","ix":1,"ks":{"a":0,"k":{"i":[[0,-2.588],[0,0],[2.588,0],[0,0],[0,2.588],[0,0],[-2.588,0],[0,0]],"o":[[0,0],[0,2.588],[0,0],[-2.588,0],[0,0],[0,-2.588],[0,0],[2.588,0]],"v":[[14,-0.313],[14,0.314],[9.313,5],[-9.313,5],[-14,0.314],[-14,-0.313],[-9.313,-5],[9.313,-5]],"c":true},"ix":2},"nm":"Path 1","mn":"ADBE Vector Shape - Group","hd":false},{"ty":"fl","c":{"a":0,"k":[0.215690552955,0.501205564013,0.753956095378,1],"ix":4},"o":{"a":0,"k":100,"ix":5},"r":1,"bm":0,"nm":"Fill 1","mn":"ADBE Vector Graphic - Fill","hd":false},{"ty":"tr","p":{"a":0,"k":[0,0],"ix":2},"a":{"a":0,"k":[0,0],"ix":1},"s":{"a":0,"k":[100,100],"ix":3},"r":{"a":0,"k":0,"ix":6},"o":{"a":0,"k":100,"ix":7},"sk":{"a":0,"k":0,"ix":4},"sa":{"a":0,"k":0,"ix":5},"nm":"Transform"}],"nm":"Pill 1","np":2,"cix":2,"bm":0,"ix":1,"mn":"ADBE Vector Group","hd":false}],"ip":0,"op":181,"st":0,"bm":0},{"ddd":0,"ind":46,"ty":4,"nm":"pill 46","sr":1,"ks":{"o":{"a":0,"k":100,"ix":11},"r":{"a":1,"k":[{"i":{"x":[0.5],"y":[1]},"o":{"x":[0.5],"y":[0]},"t":48,"s":[0]},{"t":138,"s":[540]}],"ix":10},"p":{"a":0,"k":[184,184,0],"ix":2},"a":{"a":0,"k":[0,0,0],"ix":1},"s":{"a":0,"k":[100,100,100],"ix":6}},"ao":0,"shapes":[{"ty":"gr","it":[{"ind":0,"ty":"sh","ix":1,"ks":{"a":0,"k":{"i":[[0,-2.588],[0,0],[2.588,0],[0,0],[0,2.588],[0,0],[-2.588,0],[0,0]],"o":[[0,0],[0,2.588],[0,0],[-2.588,0],[0,0],[0,-2.588],[0,0],[2.588,0]],"v":[[14,-0.313],[14,0.314],[9.313,5],[-9.313,5],[-14,0.314],[-14,-0.313],[-9.313,-5],[9.313,-5]],"c":true},"ix":2},"nm":"Path 1","mn":"ADBE Vector Shape - Group","hd":false},{"ty":"fl","c":{"a":0,"k":[0.215690552955,0.501205564013,0.753956095378,1],"ix":4},"o":{"a":0,"k":100,"ix":5},"r":1,"bm":0,"nm":"Fill 1","mn":"ADBE Vector Graphic - Fill","hd":false},{"ty":"tr","p":{"a":0,"k":[0,0],"ix":2},"a":{"a":0,"k":[0,0],"ix":1},"s":{"a":0,"k":[100,100],"ix":3},"r":{"a":0,"k":0,"ix":6},"o":{"a":0,"k":100,"ix":7},"sk":{"a":0,"k":0,"ix":4},"sa":{"a":0,"k":0,"ix":5},"nm":"Transform"}],"nm":"Pill 1","np":2,"cix":2,"bm":0,"ix":1,"mn":"ADBE Vector Group","hd":false}],"ip":0,"op":181,"st":0,"bm":0},{"ddd":0,"ind":47,"ty":4,"nm":"pill 47","sr":1,"ks":{"o":{"a":0,"k":100,"ix":11},"r":{"a":1,"k":[{"i":{"x":[0.5],"y":[1]},"o":{"x":[0.5],"y":[0]},"t":52.801,"s":[0]},{"t":142.80078125,"s":[540]}],"ix":10},"p":{"a":0,"k":[217,184,0],"ix":2},"a":{"a":0,"k":[0,0,0],"ix":1},"s":{"a":0,"k":[100,100,100],"ix":6}},"ao":0,"shapes":[{"ty":"gr","it":[{"ind":0,"ty":"sh","ix":1,"ks":{"a":0,"k":{"i":[[0,-2.588],[0,0],[2.588,0],[0,0],[0,2.588],[0,0],[-2.588,0],[0,0]],"o":[[0,0],[0,2.588],[0,0],[-2.588,0],[0,0],[0,-2.588],[0,0],[2.588,0]],"v":[[14,-0.313],[14,0.314],[9.313,5],[-9.313,5],[-14,0.314],[-14,-0.313],[-9.313,-5],[9.313,-5]],"c":true},"ix":2},"nm":"Path 1","mn":"ADBE Vector Shape - Group","hd":false},{"ty":"fl","c":{"a":0,"k":[0.215690552955,0.501205564013,0.753956095378,1],"ix":4},"o":{"a":0,"k":100,"ix":5},"r":1,"bm":0,"nm":"Fill 1","mn":"ADBE Vector Graphic - Fill","hd":false},{"ty":"tr","p":{"a":0,"k":[0,0],"ix":2},"a":{"a":0,"k":[0,0],"ix":1},"s":{"a":0,"k":[100,100],"ix":3},"r":{"a":0,"k":0,"ix":6},"o":{"a":0,"k":100,"ix":7},"sk":{"a":0,"k":0,"ix":4},"sa":{"a":0,"k":0,"ix":5},"nm":"Transform"}],"nm":"Pill 1","np":2,"cix":2,"bm":0,"ix":1,"mn":"ADBE Vector Group","hd":false}],"ip":0,"op":181,"st":0,"bm":0},{"ddd":0,"ind":48,"ty":4,"nm":"pill 48","sr":1,"ks":{"o":{"a":0,"k":100,"ix":11},"r":{"a":1,"k":[{"i":{"x":[0.5],"y":[1]},"o":{"x":[0.5],"y":[0]},"t":57.6,"s":[0]},{"t":147.599609375,"s":[540]}],"ix":10},"p":{"a":0,"k":[250,184,0],"ix":2},"a":{"a":0,"k":[0,0,0],"ix":1},"s":{"a":0,"k":[100,100,100],"ix":6}},"ao":0,"shapes":[{"ty":"gr","it":[{"ind":0,"ty":"sh","ix":1,"ks":{"a":0,"k":{"i":[[0,-2.588],[0,0],[2.588,0],[0,0],[0,2.588],[0,0],[-2.588,0],[0,0]],"o":[[0,0],[0,2.588],[0,0],[-2.588,0],[0,0],[0,-2.588],[0,0],[2.588,0]],"v":[[14,-0.313],[14,0.314],[9.313,5],[-9.313,5],[-14,0.314],[-14,-0.313],[-9.313,-5],[9.313,-5]],"c":true},"ix":2},"nm":"Path 1","mn":"ADBE Vector Shape - Group","hd":false},{"ty":"fl","c":{"a":0,"k":[0.215690552955,0.501205564013,0.753956095378,1],"ix":4},"o":{"a":0,"k":100,"ix":5},"r":1,"bm":0,"nm":"Fill 1","mn":"ADBE Vector Graphic - Fill","hd":false},{"ty":"tr","p":{"a":0,"k":[0,0],"ix":2},"a":{"a":0,"k":[0,0],"ix":1},"s":{"a":0,"k":[100,100],"ix":3},"r":{"a":0,"k":0,"ix":6},"o":{"a":0,"k":100,"ix":7},"sk":{"a":0,"k":0,"ix":4},"sa":{"a":0,"k":0,"ix":5},"nm":"Transform"}],"nm":"Pill 1","np":2,"cix":2,"bm":0,"ix":1,"mn":"ADBE Vector Group","hd":false}],"ip":0,"op":181,"st":0,"bm":0},{"ddd":0,"ind":49,"ty":4,"nm":"pill 49","sr":1,"ks":{"o":{"a":0,"k":100,"ix":11},"r":{"a":1,"k":[{"i":{"x":[0.5],"y":[1]},"o":{"x":[0.5],"y":[0]},"t":28.801,"s":[0]},{"t":118.80078125,"s":[540]}],"ix":10},"p":{"a":0,"k":[19,217,0],"ix":2},"a":{"a":0,"k":[0,0,0],"ix":1},"s":{"a":0,"k":[100,100,100],"ix":6}},"ao":0,"shapes":[{"ty":"gr","it":[{"ind":0,"ty":"sh","ix":1,"ks":{"a":0,"k":{"i":[[0,-2.588],[0,0],[2.588,0],[0,0],[0,2.588],[0,0],[-2.588,0],[0,0]],"o":[[0,0],[0,2.588],[0,0],[-2.588,0],[0,0],[0,-2.588],[0,0],[2.588,0]],"v":[[14,-0.313],[14,0.314],[9.313,5],[-9.313,5],[-14,0.314],[-14,-0.313],[-9.313,-5],[9.313,-5]],"c":true},"ix":2},"nm":"Path 1","mn":"ADBE Vector Shape - Group","hd":false},{"ty":"fl","c":{"a":0,"k":[0.215690552955,0.501205564013,0.753956095378,1],"ix":4},"o":{"a":0,"k":100,"ix":5},"r":1,"bm":0,"nm":"Fill 1","mn":"ADBE Vector Graphic - Fill","hd":false},{"ty":"tr","p":{"a":0,"k":[0,0],"ix":2},"a":{"a":0,"k":[0,0],"ix":1},"s":{"a":0,"k":[100,100],"ix":3},"r":{"a":0,"k":0,"ix":6},"o":{"a":0,"k":100,"ix":7},"sk":{"a":0,"k":0,"ix":4},"sa":{"a":0,"k":0,"ix":5},"nm":"Transform"}],"nm":"Pill 1","np":2,"cix":2,"bm":0,"ix":1,"mn":"ADBE Vector Group","hd":false}],"ip":0,"op":181,"st":0,"bm":0},{"ddd":0,"ind":50,"ty":4,"nm":"pill 50","sr":1,"ks":{"o":{"a":0,"k":100,"ix":11},"r":{"a":1,"k":[{"i":{"x":[0.5],"y":[1]},"o":{"x":[0.5],"y":[0]},"t":33.6,"s":[0]},{"t":123.599609375,"s":[540]}],"ix":10},"p":{"a":0,"k":[52,217,0],"ix":2},"a":{"a":0,"k":[0,0,0],"ix":1},"s":{"a":0,"k":[100,100,100],"ix":6}},"ao":0,"shapes":[{"ty":"gr","it":[{"ind":0,"ty":"sh","ix":1,"ks":{"a":0,"k":{"i":[[0,-2.588],[0,0],[2.588,0],[0,0],[0,2.588],[0,0],[-2.588,0],[0,0]],"o":[[0,0],[0,2.588],[0,0],[-2.588,0],[0,0],[0,-2.588],[0,0],[2.588,0]],"v":[[14,-0.313],[14,0.314],[9.313,5],[-9.313,5],[-14,0.314],[-14,-0.313],[-9.313,-5],[9.313,-5]],"c":true},"ix":2},"nm":"Path 1","mn":"ADBE Vector Shape - Group","hd":false},{"ty":"fl","c":{"a":0,"k":[0.215690552955,0.501205564013,0.753956095378,1],"ix":4},"o":{"a":0,"k":100,"ix":5},"r":1,"bm":0,"nm":"Fill 1","mn":"ADBE Vector Graphic - Fill","hd":false},{"ty":"tr","p":{"a":0,"k":[0,0],"ix":2},"a":{"a":0,"k":[0,0],"ix":1},"s":{"a":0,"k":[100,100],"ix":3},"r":{"a":0,"k":0,"ix":6},"o":{"a":0,"k":100,"ix":7},"sk":{"a":0,"k":0,"ix":4},"sa":{"a":0,"k":0,"ix":5},"nm":"Transform"}],"nm":"Pill 1","np":2,"cix":2,"bm":0,"ix":1,"mn":"ADBE Vector Group","hd":false}],"ip":0,"op":181,"st":0,"bm":0},{"ddd":0,"ind":51,"ty":4,"nm":"pill 51","sr":1,"ks":{"o":{"a":0,"k":100,"ix":11},"r":{"a":1,"k":[{"i":{"x":[0.5],"y":[1]},"o":{"x":[0.5],"y":[0]},"t":38.4,"s":[0]},{"t":128.400390625,"s":[540]}],"ix":10},"p":{"a":0,"k":[85,217,0],"ix":2},"a":{"a":0,"k":[0,0,0],"ix":1},"s":{"a":0,"k":[100,100,100],"ix":6}},"ao":0,"shapes":[{"ty":"gr","it":[{"ind":0,"ty":"sh","ix":1,"ks":{"a":0,"k":{"i":[[0,-2.588],[0,0],[2.588,0],[0,0],[0,2.588],[0,0],[-2.588,0],[0,0]],"o":[[0,0],[0,2.588],[0,0],[-2.588,0],[0,0],[0,-2.588],[0,0],[2.588,0]],"v":[[14,-0.313],[14,0.314],[9.313,5],[-9.313,5],[-14,0.314],[-14,-0.313],[-9.313,-5],[9.313,-5]],"c":true},"ix":2},"nm":"Path 1","mn":"ADBE Vector Shape - Group","hd":false},{"ty":"fl","c":{"a":0,"k":[0.215690552955,0.501205564013,0.753956095378,1],"ix":4},"o":{"a":0,"k":100,"ix":5},"r":1,"bm":0,"nm":"Fill 1","mn":"ADBE Vector Graphic - Fill","hd":false},{"ty":"tr","p":{"a":0,"k":[0,0],"ix":2},"a":{"a":0,"k":[0,0],"ix":1},"s":{"a":0,"k":[100,100],"ix":3},"r":{"a":0,"k":0,"ix":6},"o":{"a":0,"k":100,"ix":7},"sk":{"a":0,"k":0,"ix":4},"sa":{"a":0,"k":0,"ix":5},"nm":"Transform"}],"nm":"Pill 1","np":2,"cix":2,"bm":0,"ix":1,"mn":"ADBE Vector Group","hd":false}],"ip":0,"op":181,"st":0,"bm":0},{"ddd":0,"ind":52,"ty":4,"nm":"pill 52","sr":1,"ks":{"o":{"a":0,"k":100,"ix":11},"r":{"a":1,"k":[{"i":{"x":[0.5],"y":[1]},"o":{"x":[0.5],"y":[0]},"t":43.199,"s":[0]},{"t":133.19921875,"s":[540]}],"ix":10},"p":{"a":0,"k":[118,217,0],"ix":2},"a":{"a":0,"k":[0,0,0],"ix":1},"s":{"a":0,"k":[100,100,100],"ix":6}},"ao":0,"shapes":[{"ty":"gr","it":[{"ind":0,"ty":"sh","ix":1,"ks":{"a":0,"k":{"i":[[0,-2.588],[0,0],[2.588,0],[0,0],[0,2.588],[0,0],[-2.588,0],[0,0]],"o":[[0,0],[0,2.588],[0,0],[-2.588,0],[0,0],[0,-2.588],[0,0],[2.588,0]],"v":[[14,-0.313],[14,0.314],[9.313,5],[-9.313,5],[-14,0.314],[-14,-0.313],[-9.313,-5],[9.313,-5]],"c":true},"ix":2},"nm":"Path 1","mn":"ADBE Vector Shape - Group","hd":false},{"ty":"fl","c":{"a":0,"k":[0.215690552955,0.501205564013,0.753956095378,1],"ix":4},"o":{"a":0,"k":100,"ix":5},"r":1,"bm":0,"nm":"Fill 1","mn":"ADBE Vector Graphic - Fill","hd":false},{"ty":"tr","p":{"a":0,"k":[0,0],"ix":2},"a":{"a":0,"k":[0,0],"ix":1},"s":{"a":0,"k":[100,100],"ix":3},"r":{"a":0,"k":0,"ix":6},"o":{"a":0,"k":100,"ix":7},"sk":{"a":0,"k":0,"ix":4},"sa":{"a":0,"k":0,"ix":5},"nm":"Transform"}],"nm":"Pill 1","np":2,"cix":2,"bm":0,"ix":1,"mn":"ADBE Vector Group","hd":false}],"ip":0,"op":181,"st":0,"bm":0},{"ddd":0,"ind":53,"ty":4,"nm":"pill 53","sr":1,"ks":{"o":{"a":0,"k":100,"ix":11},"r":{"a":1,"k":[{"i":{"x":[0.5],"y":[1]},"o":{"x":[0.5],"y":[0]},"t":48,"s":[0]},{"t":138,"s":[540]}],"ix":10},"p":{"a":0,"k":[151,217,0],"ix":2},"a":{"a":0,"k":[0,0,0],"ix":1},"s":{"a":0,"k":[100,100,100],"ix":6}},"ao":0,"shapes":[{"ty":"gr","it":[{"ind":0,"ty":"sh","ix":1,"ks":{"a":0,"k":{"i":[[0,-2.588],[0,0],[2.588,0],[0,0],[0,2.588],[0,0],[-2.588,0],[0,0]],"o":[[0,0],[0,2.588],[0,0],[-2.588,0],[0,0],[0,-2.588],[0,0],[2.588,0]],"v":[[14,-0.313],[14,0.314],[9.313,5],[-9.313,5],[-14,0.314],[-14,-0.313],[-9.313,-5],[9.313,-5]],"c":true},"ix":2},"nm":"Path 1","mn":"ADBE Vector Shape - Group","hd":false},{"ty":"fl","c":{"a":0,"k":[0.215690552955,0.501205564013,0.753956095378,1],"ix":4},"o":{"a":0,"k":100,"ix":5},"r":1,"bm":0,"nm":"Fill 1","mn":"ADBE Vector Graphic - Fill","hd":false},{"ty":"tr","p":{"a":0,"k":[0,0],"ix":2},"a":{"a":0,"k":[0,0],"ix":1},"s":{"a":0,"k":[100,100],"ix":3},"r":{"a":0,"k":0,"ix":6},"o":{"a":0,"k":100,"ix":7},"sk":{"a":0,"k":0,"ix":4},"sa":{"a":0,"k":0,"ix":5},"nm":"Transform"}],"nm":"Pill 1","np":2,"cix":2,"bm":0,"ix":1,"mn":"ADBE Vector Group","hd":false}],"ip":0,"op":181,"st":0,"bm":0},{"ddd":0,"ind":54,"ty":4,"nm":"pill 54","sr":1,"ks":{"o":{"a":0,"k":100,"ix":11},"r":{"a":1,"k":[{"i":{"x":[0.5],"y":[1]},"o":{"x":[0.5],"y":[0]},"t":52.801,"s":[0]},{"t":142.80078125,"s":[540]}],"ix":10},"p":{"a":0,"k":[184,217,0],"ix":2},"a":{"a":0,"k":[0,0,0],"ix":1},"s":{"a":0,"k":[100,100,100],"ix":6}},"ao":0,"shapes":[{"ty":"gr","it":[{"ind":0,"ty":"sh","ix":1,"ks":{"a":0,"k":{"i":[[0,-2.588],[0,0],[2.588,0],[0,0],[0,2.588],[0,0],[-2.588,0],[0,0]],"o":[[0,0],[0,2.588],[0,0],[-2.588,0],[0,0],[0,-2.588],[0,0],[2.588,0]],"v":[[14,-0.313],[14,0.314],[9.313,5],[-9.313,5],[-14,0.314],[-14,-0.313],[-9.313,-5],[9.313,-5]],"c":true},"ix":2},"nm":"Path 1","mn":"ADBE Vector Shape - Group","hd":false},{"ty":"fl","c":{"a":0,"k":[0.215690552955,0.501205564013,0.753956095378,1],"ix":4},"o":{"a":0,"k":100,"ix":5},"r":1,"bm":0,"nm":"Fill 1","mn":"ADBE Vector Graphic - Fill","hd":false},{"ty":"tr","p":{"a":0,"k":[0,0],"ix":2},"a":{"a":0,"k":[0,0],"ix":1},"s":{"a":0,"k":[100,100],"ix":3},"r":{"a":0,"k":0,"ix":6},"o":{"a":0,"k":100,"ix":7},"sk":{"a":0,"k":0,"ix":4},"sa":{"a":0,"k":0,"ix":5},"nm":"Transform"}],"nm":"Pill 1","np":2,"cix":2,"bm":0,"ix":1,"mn":"ADBE Vector Group","hd":false}],"ip":0,"op":181,"st":0,"bm":0},{"ddd":0,"ind":55,"ty":4,"nm":"pill 55","sr":1,"ks":{"o":{"a":0,"k":100,"ix":11},"r":{"a":1,"k":[{"i":{"x":[0.5],"y":[1]},"o":{"x":[0.5],"y":[0]},"t":57.6,"s":[0]},{"t":147.599609375,"s":[540]}],"ix":10},"p":{"a":0,"k":[217,217,0],"ix":2},"a":{"a":0,"k":[0,0,0],"ix":1},"s":{"a":0,"k":[100,100,100],"ix":6}},"ao":0,"shapes":[{"ty":"gr","it":[{"ind":0,"ty":"sh","ix":1,"ks":{"a":0,"k":{"i":[[0,-2.588],[0,0],[2.588,0],[0,0],[0,2.588],[0,0],[-2.588,0],[0,0]],"o":[[0,0],[0,2.588],[0,0],[-2.588,0],[0,0],[0,-2.588],[0,0],[2.588,0]],"v":[[14,-0.313],[14,0.314],[9.313,5],[-9.313,5],[-14,0.314],[-14,-0.313],[-9.313,-5],[9.313,-5]],"c":true},"ix":2},"nm":"Path 1","mn":"ADBE Vector Shape - Group","hd":false},{"ty":"fl","c":{"a":0,"k":[0.215690552955,0.501205564013,0.753956095378,1],"ix":4},"o":{"a":0,"k":100,"ix":5},"r":1,"bm":0,"nm":"Fill 1","mn":"ADBE Vector Graphic - Fill","hd":false},{"ty":"tr","p":{"a":0,"k":[0,0],"ix":2},"a":{"a":0,"k":[0,0],"ix":1},"s":{"a":0,"k":[100,100],"ix":3},"r":{"a":0,"k":0,"ix":6},"o":{"a":0,"k":100,"ix":7},"sk":{"a":0,"k":0,"ix":4},"sa":{"a":0,"k":0,"ix":5},"nm":"Transform"}],"nm":"Pill 1","np":2,"cix":2,"bm":0,"ix":1,"mn":"ADBE Vector Group","hd":false}],"ip":0,"op":181,"st":0,"bm":0},{"ddd":0,"ind":56,"ty":4,"nm":"pill 56","sr":1,"ks":{"o":{"a":0,"k":100,"ix":11},"r":{"a":1,"k":[{"i":{"x":[0.5],"y":[1]},"o":{"x":[0.5],"y":[0]},"t":62.4,"s":[0]},{"t":152.400390625,"s":[540]}],"ix":10},"p":{"a":0,"k":[250,217,0],"ix":2},"a":{"a":0,"k":[0,0,0],"ix":1},"s":{"a":0,"k":[100,100,100],"ix":6}},"ao":0,"shapes":[{"ty":"gr","it":[{"ind":0,"ty":"sh","ix":1,"ks":{"a":0,"k":{"i":[[0,-2.588],[0,0],[2.588,0],[0,0],[0,2.588],[0,0],[-2.588,0],[0,0]],"o":[[0,0],[0,2.588],[0,0],[-2.588,0],[0,0],[0,-2.588],[0,0],[2.588,0]],"v":[[14,-0.313],[14,0.314],[9.313,5],[-9.313,5],[-14,0.314],[-14,-0.313],[-9.313,-5],[9.313,-5]],"c":true},"ix":2},"nm":"Path 1","mn":"ADBE Vector Shape - Group","hd":false},{"ty":"fl","c":{"a":0,"k":[0.215690552955,0.501205564013,0.753956095378,1],"ix":4},"o":{"a":0,"k":100,"ix":5},"r":1,"bm":0,"nm":"Fill 1","mn":"ADBE Vector Graphic - Fill","hd":false},{"ty":"tr","p":{"a":0,"k":[0,0],"ix":2},"a":{"a":0,"k":[0,0],"ix":1},"s":{"a":0,"k":[100,100],"ix":3},"r":{"a":0,"k":0,"ix":6},"o":{"a":0,"k":100,"ix":7},"sk":{"a":0,"k":0,"ix":4},"sa":{"a":0,"k":0,"ix":5},"nm":"Transform"}],"nm":"Pill 1","np":2,"cix":2,"bm":0,"ix":1,"mn":"ADBE Vector Group","hd":false}],"ip":0,"op":181,"st":0,"bm":0},{"ddd":0,"ind":57,"ty":4,"nm":"pill 57","sr":1,"ks":{"o":{"a":0,"k":100,"ix":11},"r":{"a":1,"k":[{"i":{"x":[0.5],"y":[1]},"o":{"x":[0.5],"y":[0]},"t":33.6,"s":[0]},{"t":123.599609375,"s":[540]}],"ix":10},"p":{"a":0,"k":[19,250,0],"ix":2},"a":{"a":0,"k":[0,0,0],"ix":1},"s":{"a":0,"k":[100,100,100],"ix":6}},"ao":0,"shapes":[{"ty":"gr","it":[{"ind":0,"ty":"sh","ix":1,"ks":{"a":0,"k":{"i":[[0,-2.588],[0,0],[2.588,0],[0,0],[0,2.588],[0,0],[-2.588,0],[0,0]],"o":[[0,0],[0,2.588],[0,0],[-2.588,0],[0,0],[0,-2.588],[0,0],[2.588,0]],"v":[[14,-0.313],[14,0.314],[9.313,5],[-9.313,5],[-14,0.314],[-14,-0.313],[-9.313,-5],[9.313,-5]],"c":true},"ix":2},"nm":"Path 1","mn":"ADBE Vector Shape - Group","hd":false},{"ty":"fl","c":{"a":0,"k":[0.215690552955,0.501205564013,0.753956095378,1],"ix":4},"o":{"a":0,"k":100,"ix":5},"r":1,"bm":0,"nm":"Fill 1","mn":"ADBE Vector Graphic - Fill","hd":false},{"ty":"tr","p":{"a":0,"k":[0,0],"ix":2},"a":{"a":0,"k":[0,0],"ix":1},"s":{"a":0,"k":[100,100],"ix":3},"r":{"a":0,"k":0,"ix":6},"o":{"a":0,"k":100,"ix":7},"sk":{"a":0,"k":0,"ix":4},"sa":{"a":0,"k":0,"ix":5},"nm":"Transform"}],"nm":"Pill 1","np":2,"cix":2,"bm":0,"ix":1,"mn":"ADBE Vector Group","hd":false}],"ip":0,"op":181,"st":0,"bm":0},{"ddd":0,"ind":58,"ty":4,"nm":"pill 58","sr":1,"ks":{"o":{"a":0,"k":100,"ix":11},"r":{"a":1,"k":[{"i":{"x":[0.5],"y":[1]},"o":{"x":[0.5],"y":[0]},"t":38.4,"s":[0]},{"t":128.400390625,"s":[540]}],"ix":10},"p":{"a":0,"k":[52,250,0],"ix":2},"a":{"a":0,"k":[0,0,0],"ix":1},"s":{"a":0,"k":[100,100,100],"ix":6}},"ao":0,"shapes":[{"ty":"gr","it":[{"ind":0,"ty":"sh","ix":1,"ks":{"a":0,"k":{"i":[[0,-2.588],[0,0],[2.588,0],[0,0],[0,2.588],[0,0],[-2.588,0],[0,0]],"o":[[0,0],[0,2.588],[0,0],[-2.588,0],[0,0],[0,-2.588],[0,0],[2.588,0]],"v":[[14,-0.313],[14,0.314],[9.313,5],[-9.313,5],[-14,0.314],[-14,-0.313],[-9.313,-5],[9.313,-5]],"c":true},"ix":2},"nm":"Path 1","mn":"ADBE Vector Shape - Group","hd":false},{"ty":"fl","c":{"a":0,"k":[0.215690552955,0.501205564013,0.753956095378,1],"ix":4},"o":{"a":0,"k":100,"ix":5},"r":1,"bm":0,"nm":"Fill 1","mn":"ADBE Vector Graphic - Fill","hd":false},{"ty":"tr","p":{"a":0,"k":[0,0],"ix":2},"a":{"a":0,"k":[0,0],"ix":1},"s":{"a":0,"k":[100,100],"ix":3},"r":{"a":0,"k":0,"ix":6},"o":{"a":0,"k":100,"ix":7},"sk":{"a":0,"k":0,"ix":4},"sa":{"a":0,"k":0,"ix":5},"nm":"Transform"}],"nm":"Pill 1","np":2,"cix":2,"bm":0,"ix":1,"mn":"ADBE Vector Group","hd":false}],"ip":0,"op":181,"st":0,"bm":0},{"ddd":0,"ind":59,"ty":4,"nm":"pill 59","sr":1,"ks":{"o":{"a":0,"k":100,"ix":11},"r":{"a":1,"k":[{"i":{"x":[0.5],"y":[1]},"o":{"x":[0.5],"y":[0]},"t":43.199,"s":[0]},{"t":133.19921875,"s":[540]}],"ix":10},"p":{"a":0,"k":[85,250,0],"ix":2},"a":{"a":0,"k":[0,0,0],"ix":1},"s":{"a":0,"k":[100,100,100],"ix":6}},"ao":0,"shapes":[{"ty":"gr","it":[{"ind":0,"ty":"sh","ix":1,"ks":{"a":0,"k":{"i":[[0,-2.588],[0,0],[2.588,0],[0,0],[0,2.588],[0,0],[-2.588,0],[0,0]],"o":[[0,0],[0,2.588],[0,0],[-2.588,0],[0,0],[0,-2.588],[0,0],[2.588,0]],"v":[[14,-0.313],[14,0.314],[9.313,5],[-9.313,5],[-14,0.314],[-14,-0.313],[-9.313,-5],[9.313,-5]],"c":true},"ix":2},"nm":"Path 1","mn":"ADBE Vector Shape - Group","hd":false},{"ty":"fl","c":{"a":0,"k":[0.215690552955,0.501205564013,0.753956095378,1],"ix":4},"o":{"a":0,"k":100,"ix":5},"r":1,"bm":0,"nm":"Fill 1","mn":"ADBE Vector Graphic - Fill","hd":false},{"ty":"tr","p":{"a":0,"k":[0,0],"ix":2},"a":{"a":0,"k":[0,0],"ix":1},"s":{"a":0,"k":[100,100],"ix":3},"r":{"a":0,"k":0,"ix":6},"o":{"a":0,"k":100,"ix":7},"sk":{"a":0,"k":0,"ix":4},"sa":{"a":0,"k":0,"ix":5},"nm":"Transform"}],"nm":"Pill 1","np":2,"cix":2,"bm":0,"ix":1,"mn":"ADBE Vector Group","hd":false}],"ip":0,"op":181,"st":0,"bm":0},{"ddd":0,"ind":60,"ty":4,"nm":"pill 60","sr":1,"ks":{"o":{"a":0,"k":100,"ix":11},"r":{"a":1,"k":[{"i":{"x":[0.5],"y":[1]},"o":{"x":[0.5],"y":[0]},"t":48,"s":[0]},{"t":138,"s":[540]}],"ix":10},"p":{"a":0,"k":[118,250,0],"ix":2},"a":{"a":0,"k":[0,0,0],"ix":1},"s":{"a":0,"k":[100,100,100],"ix":6}},"ao":0,"shapes":[{"ty":"gr","it":[{"ind":0,"ty":"sh","ix":1,"ks":{"a":0,"k":{"i":[[0,-2.588],[0,0],[2.588,0],[0,0],[0,2.588],[0,0],[-2.588,0],[0,0]],"o":[[0,0],[0,2.588],[0,0],[-2.588,0],[0,0],[0,-2.588],[0,0],[2.588,0]],"v":[[14,-0.313],[14,0.314],[9.313,5],[-9.313,5],[-14,0.314],[-14,-0.313],[-9.313,-5],[9.313,-5]],"c":true},"ix":2},"nm":"Path 1","mn":"ADBE Vector Shape - Group","hd":false},{"ty":"fl","c":{"a":0,"k":[0.215690552955,0.501205564013,0.753956095378,1],"ix":4},"o":{"a":0,"k":100,"ix":5},"r":1,"bm":0,"nm":"Fill 1","mn":"ADBE Vector Graphic - Fill","hd":false},{"ty":"tr","p":{"a":0,"k":[0,0],"ix":2},"a":{"a":0,"k":[0,0],"ix":1},"s":{"a":0,"k":[100,100],"ix":3},"r":{"a":0,"k":0,"ix":6},"o":{"a":0,"k":100,"ix":7},"sk":{"a":0,"k":0,"ix":4},"sa":{"a":0,"k":0,"ix":5},"nm":"Transform"}],"nm":"Pill 1","np":2,"cix":2,"bm":0,"ix":1,"mn":"ADBE Vector Group","hd":false}],"ip":0,"op":181,"st":0,"bm":0},{"ddd":0,"ind":61,"ty":4,"nm":"pill 61","sr":1,"ks":{"o":{"a":0,"k":100,"ix":11},"r":{"a":1,"k":[{"i":{"x":[0.5],"y":[1]},"o":{"x":[0.5],"y":[0]},"t":52.801,"s":[0]},{"t":142.80078125,"s":[540]}],"ix":10},"p":{"a":0,"k":[151,250,0],"ix":2},"a":{"a":0,"k":[0,0,0],"ix":1},"s":{"a":0,"k":[100,100,100],"ix":6}},"ao":0,"shapes":[{"ty":"gr","it":[{"ind":0,"ty":"sh","ix":1,"ks":{"a":0,"k":{"i":[[0,-2.588],[0,0],[2.588,0],[0,0],[0,2.588],[0,0],[-2.588,0],[0,0]],"o":[[0,0],[0,2.588],[0,0],[-2.588,0],[0,0],[0,-2.588],[0,0],[2.588,0]],"v":[[14,-0.313],[14,0.314],[9.313,5],[-9.313,5],[-14,0.314],[-14,-0.313],[-9.313,-5],[9.313,-5]],"c":true},"ix":2},"nm":"Path 1","mn":"ADBE Vector Shape - Group","hd":false},{"ty":"fl","c":{"a":0,"k":[0.215690552955,0.501205564013,0.753956095378,1],"ix":4},"o":{"a":0,"k":100,"ix":5},"r":1,"bm":0,"nm":"Fill 1","mn":"ADBE Vector Graphic - Fill","hd":false},{"ty":"tr","p":{"a":0,"k":[0,0],"ix":2},"a":{"a":0,"k":[0,0],"ix":1},"s":{"a":0,"k":[100,100],"ix":3},"r":{"a":0,"k":0,"ix":6},"o":{"a":0,"k":100,"ix":7},"sk":{"a":0,"k":0,"ix":4},"sa":{"a":0,"k":0,"ix":5},"nm":"Transform"}],"nm":"Pill 1","np":2,"cix":2,"bm":0,"ix":1,"mn":"ADBE Vector Group","hd":false}],"ip":0,"op":181,"st":0,"bm":0},{"ddd":0,"ind":62,"ty":4,"nm":"pill 62","sr":1,"ks":{"o":{"a":0,"k":100,"ix":11},"r":{"a":1,"k":[{"i":{"x":[0.5],"y":[1]},"o":{"x":[0.5],"y":[0]},"t":57.6,"s":[0]},{"t":147.599609375,"s":[540]}],"ix":10},"p":{"a":0,"k":[184,250,0],"ix":2},"a":{"a":0,"k":[0,0,0],"ix":1},"s":{"a":0,"k":[100,100,100],"ix":6}},"ao":0,"shapes":[{"ty":"gr","it":[{"ind":0,"ty":"sh","ix":1,"ks":{"a":0,"k":{"i":[[0,-2.588],[0,0],[2.588,0],[0,0],[0,2.588],[0,0],[-2.588,0],[0,0]],"o":[[0,0],[0,2.588],[0,0],[-2.588,0],[0,0],[0,-2.588],[0,0],[2.588,0]],"v":[[14,-0.313],[14,0.314],[9.313,5],[-9.313,5],[-14,0.314],[-14,-0.313],[-9.313,-5],[9.313,-5]],"c":true},"ix":2},"nm":"Path 1","mn":"ADBE Vector Shape - Group","hd":false},{"ty":"fl","c":{"a":0,"k":[0.215690552955,0.501205564013,0.753956095378,1],"ix":4},"o":{"a":0,"k":100,"ix":5},"r":1,"bm":0,"nm":"Fill 1","mn":"ADBE Vector Graphic - Fill","hd":false},{"ty":"tr","p":{"a":0,"k":[0,0],"ix":2},"a":{"a":0,"k":[0,0],"ix":1},"s":{"a":0,"k":[100,100],"ix":3},"r":{"a":0,"k":0,"ix":6},"o":{"a":0,"k":100,"ix":7},"sk":{"a":0,"k":0,"ix":4},"sa":{"a":0,"k":0,"ix":5},"nm":"Transform"}],"nm":"Pill 1","np":2,"cix":2,"bm":0,"ix":1,"mn":"ADBE Vector Group","hd":false}],"ip":0,"op":181,"st":0,"bm":0},{"ddd":0,"ind":63,"ty":4,"nm":"pill 63","sr":1,"ks":{"o":{"a":0,"k":100,"ix":11},"r":{"a":1,"k":[{"i":{"x":[0.5],"y":[1]},"o":{"x":[0.5],"y":[0]},"t":62.4,"s":[0]},{"t":152.400390625,"s":[540]}],"ix":10},"p":{"a":0,"k":[217,250,0],"ix":2},"a":{"a":0,"k":[0,0,0],"ix":1},"s":{"a":0,"k":[100,100,100],"ix":6}},"ao":0,"shapes":[{"ty":"gr","it":[{"ind":0,"ty":"sh","ix":1,"ks":{"a":0,"k":{"i":[[0,-2.588],[0,0],[2.588,0],[0,0],[0,2.588],[0,0],[-2.588,0],[0,0]],"o":[[0,0],[0,2.588],[0,0],[-2.588,0],[0,0],[0,-2.588],[0,0],[2.588,0]],"v":[[14,-0.313],[14,0.314],[9.313,5],[-9.313,5],[-14,0.314],[-14,-0.313],[-9.313,-5],[9.313,-5]],"c":true},"ix":2},"nm":"Path 1","mn":"ADBE Vector Shape - Group","hd":false},{"ty":"fl","c":{"a":0,"k":[0.215690552955,0.501205564013,0.753956095378,1],"ix":4},"o":{"a":0,"k":100,"ix":5},"r":1,"bm":0,"nm":"Fill 1","mn":"ADBE Vector Graphic - Fill","hd":false},{"ty":"tr","p":{"a":0,"k":[0,0],"ix":2},"a":{"a":0,"k":[0,0],"ix":1},"s":{"a":0,"k":[100,100],"ix":3},"r":{"a":0,"k":0,"ix":6},"o":{"a":0,"k":100,"ix":7},"sk":{"a":0,"k":0,"ix":4},"sa":{"a":0,"k":0,"ix":5},"nm":"Transform"}],"nm":"Pill 1","np":2,"cix":2,"bm":0,"ix":1,"mn":"ADBE Vector Group","hd":false}],"ip":0,"op":181,"st":0,"bm":0},{"ddd":0,"ind":64,"ty":4,"nm":"pill 64","sr":1,"ks":{"o":{"a":0,"k":100,"ix":11},"r":{"a":1,"k":[{"i":{"x":[0.5],"y":[1]},"o":{"x":[0.5],"y":[0]},"t":67.199,"s":[0]},{"t":157.19921875,"s":[540]}],"ix":10},"p":{"a":0,"k":[250,250,0],"ix":2},"a":{"a":0,"k":[0,0,0],"ix":1},"s":{"a":0,"k":[100,100,100],"ix":6}},"ao":0,"shapes":[{"ty":"gr","it":[{"ind":0,"ty":"sh","ix":1,"ks":{"a":0,"k":{"i":[[0,-2.588],[0,0],[2.588,0],[0,0],[0,2.588],[0,0],[-2.588,0],[0,0]],"o":[[0,0],[0,2.588],[0,0],[-2.588,0],[0,0],[0,-2.588],[0,0],[2.588,0]],"v":[[14,-0.313],[14,0.314],[9.313,5],[-9.313,5],[-14,0.314],[-14,-0.313],[-9.313,-5],[9.313,-5]],"c":true},"ix":2},"nm":"Path 1","mn":"ADBE Vector Shape - Group","hd":false},{"ty":"fl","c":{"a":0,"k":[0.215690552955,0.501205564013,0.753956095378,1],"ix":4},"o":{"a":0,"k":100,"ix":5},"r":1,"bm":0,"nm":"Fill 1","mn":"ADBE Vector Graphic - Fill","hd":false},{"ty":"tr","p":{"a":0,"k":[0,0],"ix":2},"a":{"a":0,"k":[0,0],"ix":1},"s":{"a":0,"k":[100,100],"ix":3},"r":{"a":0,"k":0,"ix":6},"o":{"a":0,"k":100,"ix":7},"sk":{"a":0,"k":0,"ix":4},"sa":{"a":0,"k":0,"ix":5},"nm":"Transform"}],"nm":"Pill 1","np":2,"cix":2,"bm":0,"ix":1,"mn":"ADBE Vector Group","hd":false}],"ip":0,"op":181,"st":0,"bm":0}],"markers":[]}