{"v":"5.5.7","meta":{"g":"LottieFiles AE 0.1.20","a":"","k":"","d":"","tc":""},"fr":60,"ip":0,"op":112,"w":600,"h":600,"nm":"Heartbeat eclipse","ddd":0,"assets":[],"layers":[{"ddd":0,"ind":1,"ty":4,"nm":"Black Center 2","sr":1,"ks":{"o":{"a":0,"k":100,"ix":11},"r":{"a":0,"k":0,"ix":10},"p":{"a":0,"k":[300.208,301.014,0],"ix":2},"a":{"a":0,"k":[0,0,0],"ix":1},"s":{"a":1,"k":[{"i":{"x":[0.825,0.825,0.667],"y":[1,1,1]},"o":{"x":[0.175,0.175,0.333],"y":[-0.001,-0.001,0]},"t":0,"s":[70,70,100]},{"i":{"x":[0.879,0.879,0.667],"y":[0.996,0.996,1]},"o":{"x":[0.148,0.148,0.333],"y":[0,0,0]},"t":43,"s":[130,130,100]},{"t":105,"s":[70,70,100]}],"ix":6}},"ao":0,"shapes":[{"ty":"gr","it":[{"ind":0,"ty":"sh","ix":1,"ks":{"a":0,"k":{"i":[[0,62.557],[-66.309,0.426],[0,-62.557],[62.557,0]],"o":[[0,-62.557],[67.603,-0.446],[0,62.557],[-62.557,0]],"v":[[-117.796,-2],[-1.805,-111.435],[119.6,-1.639],[-0.361,110.352]],"c":true},"ix":2},"nm":"Path 1","mn":"ADBE Vector Shape - Group","hd":false},{"ty":"fl","c":{"a":0,"k":[0,0,0,1],"ix":4},"o":{"a":0,"k":100,"ix":5},"r":1,"bm":0,"nm":"Fill 1","mn":"ADBE Vector Graphic - Fill","hd":false},{"ty":"tr","p":{"a":0,"k":[0,0],"ix":2},"a":{"a":0,"k":[0,0],"ix":1},"s":{"a":0,"k":[100,100],"ix":3},"r":{"a":0,"k":0,"ix":6},"o":{"a":0,"k":100,"ix":7},"sk":{"a":0,"k":0,"ix":4},"sa":{"a":0,"k":0,"ix":5},"nm":"Transform"}],"nm":"Group 1","np":2,"cix":2,"bm":0,"ix":1,"mn":"ADBE Vector Group","hd":false}],"ip":0,"op":112,"st":0,"bm":0},{"ddd":0,"ind":2,"ty":4,"nm":"Orange front","sr":1,"ks":{"o":{"a":1,"k":[{"i":{"x":[0.825],"y":[1.003]},"o":{"x":[0.175],"y":[-0.003]},"t":0,"s":[70]},{"i":{"x":[0.879],"y":[0.976]},"o":{"x":[0.148],"y":[0]},"t":43,"s":[80]},{"t":105,"s":[70]}],"ix":11},"r":{"a":0,"k":0,"ix":10},"p":{"a":0,"k":[300.198,300.011,0],"ix":2},"a":{"a":0,"k":[0,0,0],"ix":1},"s":{"a":1,"k":[{"i":{"x":[0.825,0.825,0.667],"y":[1.002,1.002,1]},"o":{"x":[0.175,0.175,0.333],"y":[-0.003,-0.003,0]},"t":0,"s":[100,100,100]},{"i":{"x":[0.879,0.879,0.667],"y":[0.98,0.98,1]},"o":{"x":[0.148,0.148,0.333],"y":[0,0,0]},"t":43,"s":[112,112,100]},{"t":105,"s":[100,100,100]}],"ix":6}},"ao":0,"shapes":[{"ty":"gr","it":[{"ind":0,"ty":"sh","ix":1,"ks":{"a":0,"k":{"i":[[-10.956,-63.128],[142.183,2.861],[8.438,81.373],[-111.01,2.214]],"o":[[13.989,80.605],[-72.789,-1.465],[-8.032,-77.452],[99.99,2.214]],"v":[[163.758,-30.883],[-6.409,158.454],[-164.166,25.441],[-8.188,-153.225]],"c":true},"ix":2},"nm":"Path 1","mn":"ADBE Vector Shape - Group","hd":false},{"ty":"fl","c":{"a":0,"k":[1,0.649999976158,0.15000000596,1],"ix":4},"o":{"a":0,"k":100,"ix":5},"r":1,"bm":0,"nm":"Fill 1","mn":"ADBE Vector Graphic - Fill","hd":false},{"ty":"tr","p":{"a":0,"k":[0,0],"ix":2},"a":{"a":0,"k":[0,0],"ix":1},"s":{"a":0,"k":[100,100],"ix":3},"r":{"a":0,"k":0,"ix":6},"o":{"a":0,"k":100,"ix":7},"sk":{"a":0,"k":0,"ix":4},"sa":{"a":0,"k":0,"ix":5},"nm":"Transform"}],"nm":"Group 1","np":2,"cix":2,"bm":0,"ix":1,"mn":"ADBE Vector Group","hd":false}],"ip":0,"op":112,"st":0,"bm":0},{"ddd":0,"ind":3,"ty":4,"nm":"Red","sr":1,"ks":{"o":{"a":1,"k":[{"i":{"x":[0.825],"y":[1.001]},"o":{"x":[0.175],"y":[-0.001]},"t":0,"s":[70]},{"i":{"x":[0.879],"y":[0.992]},"o":{"x":[0.148],"y":[0]},"t":43,"s":[100]},{"t":105,"s":[70]}],"ix":11},"r":{"a":0,"k":0,"ix":10},"p":{"a":0,"k":[299.958,300.153,0],"ix":2},"a":{"a":0,"k":[0,0,0],"ix":1},"s":{"a":1,"k":[{"i":{"x":[0.825,0.825,0.667],"y":[1,1,1]},"o":{"x":[0.175,0.175,0.333],"y":[0,0,0]},"t":0,"s":[73,73,100]},{"i":{"x":[0.879,0.879,0.667],"y":[0.997,0.997,1]},"o":{"x":[0.148,0.148,0.333],"y":[0,0,0]},"t":43,"s":[142,142,100]},{"t":105,"s":[73,73,100]}],"ix":6}},"ao":0,"shapes":[{"ty":"gr","it":[{"ind":0,"ty":"sh","ix":1,"ks":{"a":0,"k":{"i":[[0,-92.616],[125.567,17.72],[0,80.256],[-79.526,0]],"o":[[0,80.256],[-86.436,-12.198],[0,-80.256],[100.324,0]],"v":[[162.665,-2.547],[-29.528,159.015],[-162.665,-2.547],[-9.609,-161.095]],"c":true},"ix":2},"nm":"Path 1","mn":"ADBE Vector Shape - Group","hd":false},{"ty":"fl","c":{"a":0,"k":[1,0.10000000149,0.15000000596,1],"ix":4},"o":{"a":0,"k":100,"ix":5},"r":1,"bm":0,"nm":"Fill 1","mn":"ADBE Vector Graphic - Fill","hd":false},{"ty":"tr","p":{"a":0,"k":[0.18,0.163],"ix":2},"a":{"a":0,"k":[0,0],"ix":1},"s":{"a":0,"k":[100,99.63],"ix":3},"r":{"a":0,"k":0,"ix":6},"o":{"a":0,"k":100,"ix":7},"sk":{"a":0,"k":0,"ix":4},"sa":{"a":0,"k":0,"ix":5},"nm":"Transform"}],"nm":"Group 1","np":2,"cix":2,"bm":0,"ix":1,"mn":"ADBE Vector Group","hd":false}],"ip":0,"op":112,"st":0,"bm":0},{"ddd":0,"ind":4,"ty":1,"nm":"Black ","sr":1,"ks":{"o":{"a":0,"k":100,"ix":11},"r":{"a":0,"k":0,"ix":10},"p":{"a":0,"k":[300,300,0],"ix":2},"a":{"a":0,"k":[300,300,0],"ix":1},"s":{"a":0,"k":[100,100,100],"ix":6}},"ao":0,"sw":600,"sh":600,"sc":"#000000","ip":112,"op":112,"st":0,"bm":0}],"markers":[]}